#
# There is insufficient memory for the Java Runtime Environment to continue.
# Native memory allocation (malloc) failed to allocate 2787680 bytes for Chunk::new
# Possible reasons:
#   The system is out of physical RAM or swap space
#   The process is running with CompressedOops enabled, and the Java Heap may be blocking the growth of the native heap
# Possible solutions:
#   Reduce memory load on the system
#   Increase physical memory or swap space
#   Check if swap backing store is full
#   Decrease Java heap size (-Xmx/-Xms)
#   Decrease number of Java threads
#   Decrease Java thread stack sizes (-Xss)
#   Set larger code cache with -XX:ReservedCodeCacheSize=
#   JVM is running with Unscaled Compressed Oops mode in which the Java heap is
#     placed in the first 4GB address space. The Java Heap base address is the
#     maximum limit for the native heap growth. Please use -XX:HeapBaseMinAddress
#     to set the Java Heap base and to place the Java Heap above 4GB virtual address.
# This output file may be truncated or incomplete.
#
#  Out of Memory Error (arena.cpp:189), pid=35040, tid=35848
#
# JRE version: Java(TM) SE Runtime Environment (17.0+35) (build 17+35-LTS-2724)
# Java VM: Java HotSpot(TM) 64-Bit Server VM (17+35-LTS-2724, mixed mode, sharing, tiered, compressed oops, compressed class ptrs, g1 gc, windows-amd64)
# No core dump will be written. Minidumps are not enabled by default on client versions of Windows
#

---------------  S U M M A R Y ------------

Command Line: --add-opens=java.base/java.lang=ALL-UNNAMED --add-opens=java.base/java.lang.invoke=ALL-UNNAMED --add-opens=java.base/java.util=ALL-UNNAMED --add-opens=java.prefs/java.util.prefs=ALL-UNNAMED --add-exports=jdk.compiler/com.sun.tools.javac.api=ALL-UNNAMED --add-exports=jdk.compiler/com.sun.tools.javac.util=ALL-UNNAMED --add-opens=java.base/java.util=ALL-UNNAMED --add-opens=java.prefs/java.util.prefs=ALL-UNNAMED --add-opens=java.base/java.nio.charset=ALL-UNNAMED --add-opens=java.base/java.net=ALL-UNNAMED --add-opens=java.base/java.util.concurrent.atomic=ALL-UNNAMED --add-opens=java.xml/javax.xml.namespace=ALL-UNNAMED -Xmx2048m -Dfile.encoding=UTF-8 -Duser.country=MX -Duser.language=es -Duser.variant -javaagent:C:\Users\Juan\.gradle\wrapper\dists\gradle-8.13-bin\5xuhj0ry160q40clulazy9h7d\gradle-8.13\lib\agents\gradle-instrumentation-agent-8.13.jar org.gradle.launcher.daemon.bootstrap.GradleDaemon 8.13

Host: AMD Ryzen 5 8645HS w/ Radeon 760M Graphics, 12 cores, 7G,  Windows 10 , 64 bit Build 26100 (10.0.26100.8246)
Time: Wed May 20 23:33:07 2026 Hora estándar central (México) elapsed time: 58.497196 seconds (0d 0h 0m 58s)

---------------  T H R E A D  ---------------

Current thread (0x0000019f7d0005e0):  JavaThread "C2 CompilerThread1" daemon [_thread_in_native, id=35848, stack(0x00000035a3a00000,0x00000035a3b00000)]


Current CompileTask:
C2:  58497 27414       4       com.android.tools.r8.internal.l32::b (2119 bytes)

Stack: [0x00000035a3a00000,0x00000035a3b00000]
Native frames: (J=compiled Java code, j=interpreted, Vv=VM code, C=native code)
V  [jvm.dll+0x66f8ea]
V  [jvm.dll+0x7ce224]
V  [jvm.dll+0x7cf9ce]
V  [jvm.dll+0x7d0033]
V  [jvm.dll+0x242bb5]
V  [jvm.dll+0xaa05b]
V  [jvm.dll+0xaa5ec]
V  [jvm.dll+0x35f9f7]
V  [jvm.dll+0x329f61]
V  [jvm.dll+0x32940a]
V  [jvm.dll+0x215ca1]
V  [jvm.dll+0x2150c1]
V  [jvm.dll+0x1a168d]
V  [jvm.dll+0x2248f8]
V  [jvm.dll+0x222a5c]
V  [jvm.dll+0x78422b]
V  [jvm.dll+0x77e7ea]
V  [jvm.dll+0x66e715]
C  [ucrtbase.dll+0x37b0]
C  [KERNEL32.DLL+0x2e8d7]
C  [ntdll.dll+0x8c3fc]


---------------  P R O C E S S  ---------------

Threads class SMR info:
_java_thread_list=0x0000019f06a673e0, length=204, elements={
0x0000019f555190c0, 0x0000019f75869740, 0x0000019f7586cd80, 0x0000019f75885bc0,
0x0000019f75886480, 0x0000019f758878b0, 0x0000019f75888170, 0x0000019f75888d60,
0x0000019f75889660, 0x0000019f75892d30, 0x0000019f758566c0, 0x0000019f765a5b10,
0x0000019f77d3b4c0, 0x0000019f77d2ff60, 0x0000019f77cc7640, 0x0000019f77d6b870,
0x0000019f77f08a00, 0x0000019f77f07b90, 0x0000019f77f05eb0, 0x0000019f77f08ed0,
0x0000019f77f06d20, 0x0000019f77f06850, 0x0000019f7a73ca00, 0x0000019f7a73f550,
0x0000019f7a7403c0, 0x0000019f7a73fa20, 0x0000019f7bb3d8b0, 0x0000019f7bb3ca40,
0x0000019f7d1c4280, 0x0000019f7d1c0d90, 0x0000019f7d1c50f0, 0x0000019f7d1c08c0,
0x0000019f7d1c2f40, 0x0000019f7d1c2a70, 0x0000019f7d1c4750, 0x0000019f7d1c25a0,
0x0000019f7d1c4c20, 0x0000019f7d1c3410, 0x0000019f7d1c1c00, 0x0000019f7d1c20d0,
0x0000019f7d1c5a90, 0x0000019f7d1c6dd0, 0x0000019f7d1c6430, 0x0000019f7d1c72a0,
0x0000019f7d1c7c40, 0x0000019f7d1c7770, 0x0000019f7d1c8110, 0x0000019f7bb38210,
0x0000019f7bb36ed0, 0x0000019f7bb37870, 0x0000019f7bb39a20, 0x0000019f7bb36060,
0x0000019f7bb386e0, 0x0000019f7bb373a0, 0x0000019f7bb37d40, 0x0000019f7bb36530,
0x0000019f7bb3a3c0, 0x0000019f7bb38bb0, 0x0000019f7bb39080, 0x0000019f7bb36a00,
0x0000019f7bb3ad60, 0x0000019f7bb3a890, 0x0000019f7bb3b230, 0x0000019f7bb3b700,
0x0000019f7bb3bbd0, 0x0000019f7a73ebb0, 0x0000019f7a73ced0, 0x0000019f7a742a40,
0x0000019f7a7420a0, 0x0000019f7a740d60, 0x0000019f7a741230, 0x0000019f7a742f10,
0x0000019f7a7433e0, 0x0000019f7a7438b0, 0x0000019f7a741700, 0x0000019f7a742570,
0x0000019f7a741bd0, 0x0000019f77f06380, 0x0000019f77f071f0, 0x0000019f77f08060,
0x0000019f77f09870, 0x0000019f7bb39550, 0x0000019f7bb3d3e0, 0x0000019f7bd8fb00,
0x0000019f7bd92b20, 0x0000019f7bd904a0, 0x0000019f7bd90970, 0x0000019f7bd90e40,
0x0000019f7bd8f630, 0x0000019f7bd91cb0, 0x0000019f7bd91310, 0x0000019f7bd92180,
0x0000019f7bd8ffd0, 0x0000019f7bd8f160, 0x0000019f7bd934c0, 0x0000019f7bd93990,
0x0000019f7bd94cd0, 0x0000019f7bd92650, 0x0000019f7bd93e60, 0x0000019f7bd951a0,
0x0000019f7bd94330, 0x0000019f7bd917e0, 0x0000019f7bd964e0, 0x0000019f7bd94800,
0x0000019f7bd95670, 0x0000019f7bd969b0, 0x0000019f7bd96010, 0x0000019f7bd92ff0,
0x0000019f7d135a20, 0x0000019f7d1333a0, 0x0000019f7d132530, 0x0000019f7d134210,
0x0000019f7d135080, 0x0000019f7d135550, 0x0000019f7d132060, 0x0000019f7d133870,
0x0000019f7d133d40, 0x0000019f7d0005e0, 0x0000019f7d1363c0, 0x0000019f7d134bb0,
0x0000019f7d135ef0, 0x0000019f7d132ed0, 0x0000019f7d1398b0, 0x0000019f7d137bd0,
0x0000019f7d137230, 0x0000019f7d136d60, 0x0000019f7d1380a0, 0x0000019f7d138f10,
0x0000019f7d1393e0, 0x0000019f7d138570, 0x0000019f7d1c5f60, 0x0000019f7bb3c0a0,
0x0000019f7d88af50, 0x0000019f7d88b420, 0x0000019f7d88b8f0, 0x0000019f7d88a0e0,
0x0000019f7d88a5b0, 0x0000019f7d88cc30, 0x0000019f7d88c290, 0x0000019f7d88c760,
0x0000019f7d88d100, 0x0000019f7d889740, 0x0000019f7d88d5d0, 0x0000019f7d889c10,
0x0000019f7d88df70, 0x0000019f7d88e440, 0x0000019f7d8905f0, 0x0000019f7d890ac0,
0x0000019f7d88e910, 0x0000019f7d88ede0, 0x0000019f7d88fc50, 0x0000019f7d890f90,
0x0000019f7d88daa0, 0x0000019f7d890120, 0x0000019f7d88f780, 0x0000019f7de24db0,
0x0000019f7de248e0, 0x0000019f7de235a0, 0x0000019f7de23f40, 0x0000019f7de24410,
0x0000019f7de22260, 0x0000019f7de25280, 0x0000019f7de218c0, 0x0000019f7de25750,
0x0000019f7de21d90, 0x0000019f7de25c20, 0x0000019f7de260f0, 0x0000019f7de22c00,
0x0000019f7de22730, 0x0000019f7de23a70, 0x0000019f7de265c0, 0x0000019f7de26a90,
0x0000019f7de230d0, 0x0000019f7de26f60, 0x0000019f7de27430, 0x0000019f7de282a0,
0x0000019f7de28c40, 0x0000019f7de28770, 0x0000019f7de27900, 0x0000019f7de29110,
0x0000019f7de27dd0, 0x0000019f00780e20, 0x0000019f0077f140, 0x0000019f007812f0,
0x0000019f0077f610, 0x0000019f0077fae0, 0x0000019f007817c0, 0x0000019f00781c90,
0x0000019f00782160, 0x0000019f0077ec70, 0x0000019f00785650, 0x0000019f00785180,
0x0000019f00785b20, 0x0000019f00783e40, 0x0000019f00784310, 0x0000019f007847e0,
0x0000019f00785ff0, 0x0000019f00784cb0, 0x0000019f007864c0, 0x0000019f00782b00,
0x0000019f00782fd0, 0x0000019f7d88f2b0, 0x0000019f7d138a40, 0x0000019f7872e7f0
}

Java Threads: ( => current thread )
  0x0000019f555190c0 JavaThread "main" [_thread_blocked, id=35916, stack(0x000000359b300000,0x000000359b400000)]
  0x0000019f75869740 JavaThread "Reference Handler" daemon [_thread_blocked, id=12588, stack(0x000000359ba00000,0x000000359bb00000)]
  0x0000019f7586cd80 JavaThread "Finalizer" daemon [_thread_blocked, id=35080, stack(0x000000359bb00000,0x000000359bc00000)]
  0x0000019f75885bc0 JavaThread "Signal Dispatcher" daemon [_thread_blocked, id=34400, stack(0x000000359bc00000,0x000000359bd00000)]
  0x0000019f75886480 JavaThread "Attach Listener" daemon [_thread_blocked, id=34248, stack(0x000000359bd00000,0x000000359be00000)]
  0x0000019f758878b0 JavaThread "Service Thread" daemon [_thread_blocked, id=35068, stack(0x000000359be00000,0x000000359bf00000)]
  0x0000019f75888170 JavaThread "Monitor Deflation Thread" daemon [_thread_blocked, id=31280, stack(0x000000359bf00000,0x000000359c000000)]
  0x0000019f75888d60 JavaThread "C2 CompilerThread0" daemon [_thread_in_native, id=14580, stack(0x000000359c000000,0x000000359c100000)]
  0x0000019f75889660 JavaThread "C1 CompilerThread0" daemon [_thread_blocked, id=35016, stack(0x000000359c100000,0x000000359c200000)]
  0x0000019f75892d30 JavaThread "Sweeper thread" daemon [_thread_blocked, id=32724, stack(0x000000359c200000,0x000000359c300000)]
  0x0000019f758566c0 JavaThread "Common-Cleaner" daemon [_thread_blocked, id=37248, stack(0x000000359c300000,0x000000359c400000)]
  0x0000019f765a5b10 JavaThread "Notification Thread" daemon [_thread_blocked, id=36184, stack(0x000000359c400000,0x000000359c500000)]
  0x0000019f77d3b4c0 JavaThread "Daemon health stats" [_thread_blocked, id=32604, stack(0x000000359cb00000,0x000000359cc00000)]
  0x0000019f77d2ff60 JavaThread "Incoming local TCP Connector on port 65472" [_thread_in_native, id=12688, stack(0x000000359cc00000,0x000000359cd00000)]
  0x0000019f77cc7640 JavaThread "Daemon periodic checks" [_thread_blocked, id=37776, stack(0x000000359cd00000,0x000000359ce00000)]
  0x0000019f77d6b870 JavaThread "Daemon" [_thread_blocked, id=8320, stack(0x000000359ce00000,0x000000359cf00000)]
  0x0000019f77f08a00 JavaThread "Daemon worker" [_thread_blocked, id=27832, stack(0x000000359d100000,0x000000359d200000)]
  0x0000019f77f07b90 JavaThread "Cache worker for journal cache (C:\Users\Juan\.gradle\caches\journal-1)" [_thread_blocked, id=37680, stack(0x000000359d500000,0x000000359d600000)]
  0x0000019f77f05eb0 JavaThread "File lock request listener" [_thread_in_native, id=21384, stack(0x000000359d600000,0x000000359d700000)]
  0x0000019f77f08ed0 JavaThread "Cache worker for file hash cache (C:\Users\Juan\.gradle\caches\8.13\fileHashes)" [_thread_blocked, id=28724, stack(0x000000359d700000,0x000000359d800000)]
  0x0000019f77f06d20 JavaThread "File watcher server" daemon [_thread_blocked, id=8936, stack(0x000000359e100000,0x000000359e200000)]
  0x0000019f77f06850 JavaThread "File watcher consumer" daemon [_thread_blocked, id=30612, stack(0x000000359e200000,0x000000359e300000)]
  0x0000019f7a73ca00 JavaThread "jar transforms" [_thread_blocked, id=20552, stack(0x000000359e300000,0x000000359e400000)]
  0x0000019f7a73f550 JavaThread "Cache worker for file content cache (C:\Users\Juan\.gradle\caches\8.13\fileContent)" [_thread_blocked, id=35240, stack(0x000000359e500000,0x000000359e600000)]
  0x0000019f7a7403c0 JavaThread "jar transforms Thread 2" [_thread_blocked, id=16452, stack(0x000000359e800000,0x000000359e900000)]
  0x0000019f7a73fa20 JavaThread "jar transforms Thread 3" [_thread_blocked, id=13372, stack(0x000000359e900000,0x000000359ea00000)]
  0x0000019f7bb3d8b0 JavaThread "jar transforms Thread 4" [_thread_blocked, id=4544, stack(0x00000035a0b00000,0x00000035a0c00000)]
  0x0000019f7bb3ca40 JavaThread "jar transforms Thread 5" [_thread_blocked, id=35884, stack(0x00000035a0c00000,0x00000035a0d00000)]
  0x0000019f7d1c4280 JavaThread "Memory manager" [_thread_blocked, id=35564, stack(0x00000035a0d00000,0x00000035a0e00000)]
  0x0000019f7d1c0d90 JavaThread "jar transforms Thread 6" [_thread_blocked, id=35340, stack(0x00000035a0e00000,0x00000035a0f00000)]
  0x0000019f7d1c50f0 JavaThread "included builds" [_thread_blocked, id=35596, stack(0x00000035a1000000,0x00000035a1100000)]
  0x0000019f7d1c08c0 JavaThread "VFS cleanup" [_thread_blocked, id=31068, stack(0x000000359d200000,0x000000359d300000)]
  0x0000019f7d1c2f40 JavaThread "Handler for socket connection from /127.0.0.1:65472 to /127.0.0.1:56298" [_thread_in_native, id=34960, stack(0x000000359c800000,0x000000359c900000)]
  0x0000019f7d1c2a70 JavaThread "Cancel handler" [_thread_blocked, id=19948, stack(0x000000359cf00000,0x000000359d000000)]
  0x0000019f7d1c4750 JavaThread "Asynchronous log dispatcher for DefaultDaemonConnection: socket connection from /127.0.0.1:65472 to /127.0.0.1:56298" [_thread_blocked, id=31628, stack(0x000000359d000000,0x000000359d100000)]
  0x0000019f7d1c25a0 JavaThread "Stdin handler" [_thread_blocked, id=31320, stack(0x000000359d300000,0x000000359d400000)]
  0x0000019f7d1c4c20 JavaThread "Daemon client event forwarder" [_thread_blocked, id=35880, stack(0x000000359d400000,0x000000359d500000)]
  0x0000019f7d1c3410 JavaThread "Cache worker for file hash cache (C:\QRAsistencia\.gradle\8.13\fileHashes)" [_thread_blocked, id=30776, stack(0x000000359dd00000,0x000000359de00000)]
  0x0000019f7d1c1c00 JavaThread "Cache worker for Build Output Cleanup Cache (C:\QRAsistencia\.gradle\buildOutputCleanup)" [_thread_blocked, id=33176, stack(0x000000359de00000,0x000000359df00000)]
  0x0000019f7d1c20d0 JavaThread "Cache worker for checksums cache (C:\QRAsistencia\.gradle\8.13\checksums)" [_thread_blocked, id=36648, stack(0x000000359e600000,0x000000359e700000)]
  0x0000019f7d1c5a90 JavaThread "Cache worker for cache directory md-supplier (C:\Users\Juan\.gradle\caches\8.13\md-supplier)" [_thread_blocked, id=36636, stack(0x000000359e700000,0x000000359e800000)]
  0x0000019f7d1c6dd0 JavaThread "Cache worker for cache directory md-rule (C:\Users\Juan\.gradle\caches\8.13\md-rule)" [_thread_blocked, id=11100, stack(0x000000359ea00000,0x000000359eb00000)]
  0x0000019f7d1c6430 JavaThread "Unconstrained build operations" [_thread_blocked, id=37032, stack(0x000000359eb00000,0x000000359ec00000)]
  0x0000019f7d1c72a0 JavaThread "Unconstrained build operations Thread 2" [_thread_blocked, id=11792, stack(0x000000359ec00000,0x000000359ed00000)]
  0x0000019f7d1c7c40 JavaThread "Unconstrained build operations Thread 3" [_thread_blocked, id=32764, stack(0x000000359ed00000,0x000000359ee00000)]
  0x0000019f7d1c7770 JavaThread "Unconstrained build operations Thread 4" [_thread_blocked, id=34556, stack(0x000000359ee00000,0x000000359ef00000)]
  0x0000019f7d1c8110 JavaThread "Unconstrained build operations Thread 5" [_thread_blocked, id=23272, stack(0x000000359ef00000,0x000000359f000000)]
  0x0000019f7bb38210 JavaThread "Unconstrained build operations Thread 6" [_thread_blocked, id=24424, stack(0x000000359f000000,0x000000359f100000)]
  0x0000019f7bb36ed0 JavaThread "Unconstrained build operations Thread 7" [_thread_blocked, id=22116, stack(0x000000359f100000,0x000000359f200000)]
  0x0000019f7bb37870 JavaThread "Unconstrained build operations Thread 8" [_thread_blocked, id=37176, stack(0x000000359f200000,0x000000359f300000)]
  0x0000019f7bb39a20 JavaThread "Unconstrained build operations Thread 9" [_thread_blocked, id=29604, stack(0x000000359f300000,0x000000359f400000)]
  0x0000019f7bb36060 JavaThread "Unconstrained build operations Thread 10" [_thread_blocked, id=24880, stack(0x000000359f400000,0x000000359f500000)]
  0x0000019f7bb386e0 JavaThread "Unconstrained build operations Thread 11" [_thread_blocked, id=14420, stack(0x000000359f500000,0x000000359f600000)]
  0x0000019f7bb373a0 JavaThread "Unconstrained build operations Thread 12" [_thread_blocked, id=20288, stack(0x000000359f600000,0x000000359f700000)]
  0x0000019f7bb37d40 JavaThread "Unconstrained build operations Thread 13" [_thread_blocked, id=36392, stack(0x000000359f700000,0x000000359f800000)]
  0x0000019f7bb36530 JavaThread "Unconstrained build operations Thread 14" [_thread_blocked, id=27992, stack(0x000000359f800000,0x000000359f900000)]
  0x0000019f7bb3a3c0 JavaThread "Unconstrained build operations Thread 15" [_thread_blocked, id=32492, stack(0x000000359f900000,0x000000359fa00000)]
  0x0000019f7bb38bb0 JavaThread "Unconstrained build operations Thread 16" [_thread_blocked, id=31756, stack(0x000000359fa00000,0x000000359fb00000)]
  0x0000019f7bb39080 JavaThread "Unconstrained build operations Thread 17" [_thread_blocked, id=31252, stack(0x000000359fb00000,0x000000359fc00000)]
  0x0000019f7bb36a00 JavaThread "Unconstrained build operations Thread 18" [_thread_blocked, id=23636, stack(0x000000359fc00000,0x000000359fd00000)]
  0x0000019f7bb3ad60 JavaThread "Unconstrained build operations Thread 19" [_thread_blocked, id=36724, stack(0x000000359fd00000,0x000000359fe00000)]
  0x0000019f7bb3a890 JavaThread "Unconstrained build operations Thread 20" [_thread_blocked, id=21600, stack(0x000000359fe00000,0x000000359ff00000)]
  0x0000019f7bb3b230 JavaThread "Unconstrained build operations Thread 21" [_thread_blocked, id=31992, stack(0x000000359ff00000,0x00000035a0000000)]
  0x0000019f7bb3b700 JavaThread "Unconstrained build operations Thread 22" [_thread_blocked, id=1540, stack(0x00000035a0000000,0x00000035a0100000)]
  0x0000019f7bb3bbd0 JavaThread "Problems report writer" [_thread_blocked, id=29616, stack(0x00000035a0100000,0x00000035a0200000)]
  0x0000019f7a73ebb0 JavaThread "included builds" [_thread_blocked, id=34576, stack(0x000000359e400000,0x000000359e500000)]
  0x0000019f7a73ced0 JavaThread "Execution worker" [_thread_blocked, id=35888, stack(0x00000035a0200000,0x00000035a0300000)]
  0x0000019f7a742a40 JavaThread "Execution worker Thread 2" [_thread_blocked, id=21868, stack(0x00000035a0300000,0x00000035a0400000)]
  0x0000019f7a7420a0 JavaThread "Execution worker Thread 3" [_thread_blocked, id=5260, stack(0x00000035a0400000,0x00000035a0500000)]
  0x0000019f7a740d60 JavaThread "Execution worker Thread 4" [_thread_blocked, id=36076, stack(0x00000035a0500000,0x00000035a0600000)]
  0x0000019f7a741230 JavaThread "Execution worker Thread 5" [_thread_blocked, id=30364, stack(0x00000035a0600000,0x00000035a0700000)]
  0x0000019f7a742f10 JavaThread "Execution worker Thread 6" [_thread_blocked, id=14476, stack(0x00000035a0700000,0x00000035a0800000)]
  0x0000019f7a7433e0 JavaThread "Execution worker Thread 7" [_thread_blocked, id=35292, stack(0x00000035a0800000,0x00000035a0900000)]
  0x0000019f7a7438b0 JavaThread "Execution worker Thread 8" [_thread_blocked, id=34316, stack(0x00000035a0900000,0x00000035a0a00000)]
  0x0000019f7a741700 JavaThread "Execution worker Thread 9" [_thread_blocked, id=27568, stack(0x00000035a0a00000,0x00000035a0b00000)]
  0x0000019f7a742570 JavaThread "Execution worker Thread 10" [_thread_blocked, id=36748, stack(0x00000035a0f00000,0x00000035a1000000)]
  0x0000019f7a741bd0 JavaThread "Execution worker Thread 11" [_thread_blocked, id=14752, stack(0x00000035a1100000,0x00000035a1200000)]
  0x0000019f77f06380 JavaThread "Cache worker for execution history cache (C:\QRAsistencia\.gradle\8.13\executionHistory)" [_thread_blocked, id=7696, stack(0x00000035a1200000,0x00000035a1300000)]
  0x0000019f77f071f0 JavaThread "Unconstrained build operations Thread 23" [_thread_blocked, id=32440, stack(0x00000035a1300000,0x00000035a1400000)]
  0x0000019f77f08060 JavaThread "Unconstrained build operations Thread 24" [_thread_blocked, id=34884, stack(0x00000035a1400000,0x00000035a1500000)]
  0x0000019f77f09870 JavaThread "WorkerExecutor Queue" [_thread_blocked, id=16696, stack(0x00000035a1500000,0x00000035a1600000)]
  0x0000019f7bb39550 JavaThread "Unconstrained build operations Thread 25" [_thread_blocked, id=1216, stack(0x00000035a1600000,0x00000035a1700000)]
  0x0000019f7bb3d3e0 JavaThread "Unconstrained build operations Thread 26" [_thread_blocked, id=30104, stack(0x00000035a1700000,0x00000035a1800000)]
  0x0000019f7bd8fb00 JavaThread "Unconstrained build operations Thread 27" [_thread_blocked, id=27864, stack(0x00000035a1800000,0x00000035a1900000)]
  0x0000019f7bd92b20 JavaThread "Unconstrained build operations Thread 28" [_thread_blocked, id=23640, stack(0x00000035a1900000,0x00000035a1a00000)]
  0x0000019f7bd904a0 JavaThread "Unconstrained build operations Thread 29" [_thread_blocked, id=34912, stack(0x00000035a1a00000,0x00000035a1b00000)]
  0x0000019f7bd90970 JavaThread "Unconstrained build operations Thread 30" [_thread_blocked, id=28752, stack(0x00000035a1b00000,0x00000035a1c00000)]
  0x0000019f7bd90e40 JavaThread "Unconstrained build operations Thread 31" [_thread_blocked, id=34984, stack(0x00000035a1c00000,0x00000035a1d00000)]
  0x0000019f7bd8f630 JavaThread "Unconstrained build operations Thread 32" [_thread_blocked, id=35960, stack(0x00000035a1d00000,0x00000035a1e00000)]
  0x0000019f7bd91cb0 JavaThread "Unconstrained build operations Thread 33" [_thread_blocked, id=34820, stack(0x00000035a1e00000,0x00000035a1f00000)]
  0x0000019f7bd91310 JavaThread "Unconstrained build operations Thread 34" [_thread_blocked, id=36020, stack(0x00000035a1f00000,0x00000035a2000000)]
  0x0000019f7bd92180 JavaThread "Unconstrained build operations Thread 35" [_thread_blocked, id=7472, stack(0x00000035a2000000,0x00000035a2100000)]
  0x0000019f7bd8ffd0 JavaThread "WorkerExecutor Queue Thread 2" [_thread_blocked, id=26428, stack(0x00000035a2100000,0x00000035a2200000)]
  0x0000019f7bd8f160 JavaThread "Unconstrained build operations Thread 36" [_thread_blocked, id=34092, stack(0x00000035a2200000,0x00000035a2300000)]
  0x0000019f7bd934c0 JavaThread "Unconstrained build operations Thread 37" [_thread_blocked, id=30068, stack(0x00000035a2300000,0x00000035a2400000)]
  0x0000019f7bd93990 JavaThread "Unconstrained build operations Thread 38" [_thread_blocked, id=35088, stack(0x00000035a2400000,0x00000035a2500000)]
  0x0000019f7bd94cd0 JavaThread "Unconstrained build operations Thread 39" [_thread_blocked, id=27160, stack(0x00000035a2500000,0x00000035a2600000)]
  0x0000019f7bd92650 JavaThread "Unconstrained build operations Thread 40" [_thread_blocked, id=27764, stack(0x00000035a2600000,0x00000035a2700000)]
  0x0000019f7bd93e60 JavaThread "Unconstrained build operations Thread 41" [_thread_blocked, id=37392, stack(0x00000035a2700000,0x00000035a2800000)]
  0x0000019f7bd951a0 JavaThread "Unconstrained build operations Thread 42" [_thread_blocked, id=31080, stack(0x00000035a2800000,0x00000035a2900000)]
  0x0000019f7bd94330 JavaThread "Unconstrained build operations Thread 43" [_thread_blocked, id=36088, stack(0x00000035a2900000,0x00000035a2a00000)]
  0x0000019f7bd917e0 JavaThread "Unconstrained build operations Thread 44" [_thread_blocked, id=29524, stack(0x00000035a2a00000,0x00000035a2b00000)]
  0x0000019f7bd964e0 JavaThread "Unconstrained build operations Thread 45" [_thread_blocked, id=25380, stack(0x00000035a2b00000,0x00000035a2c00000)]
  0x0000019f7bd94800 JavaThread "Unconstrained build operations Thread 46" [_thread_blocked, id=21340, stack(0x00000035a2c00000,0x00000035a2d00000)]
  0x0000019f7bd95670 JavaThread "Unconstrained build operations Thread 47" [_thread_blocked, id=36380, stack(0x00000035a2d00000,0x00000035a2e00000)]
  0x0000019f7bd969b0 JavaThread "WorkerExecutor Queue Thread 3" [_thread_blocked, id=29620, stack(0x00000035a2e00000,0x00000035a2f00000)]
  0x0000019f7bd96010 JavaThread "Unconstrained build operations Thread 48" [_thread_blocked, id=15420, stack(0x00000035a2f00000,0x00000035a3000000)]
  0x0000019f7bd92ff0 JavaThread "Unconstrained build operations Thread 49" [_thread_blocked, id=36360, stack(0x00000035a3000000,0x00000035a3100000)]
  0x0000019f7d135a20 JavaThread "Unconstrained build operations Thread 50" [_thread_blocked, id=35524, stack(0x00000035a3100000,0x00000035a3200000)]
  0x0000019f7d1333a0 JavaThread "Unconstrained build operations Thread 51" [_thread_blocked, id=32088, stack(0x00000035a3200000,0x00000035a3300000)]
  0x0000019f7d132530 JavaThread "Unconstrained build operations Thread 52" [_thread_blocked, id=10024, stack(0x00000035a3300000,0x00000035a3400000)]
  0x0000019f7d134210 JavaThread "Unconstrained build operations Thread 53" [_thread_blocked, id=25708, stack(0x00000035a3400000,0x00000035a3500000)]
  0x0000019f7d135080 JavaThread "Unconstrained build operations Thread 54" [_thread_blocked, id=34936, stack(0x00000035a3500000,0x00000035a3600000)]
  0x0000019f7d135550 JavaThread "Unconstrained build operations Thread 55" [_thread_blocked, id=11260, stack(0x00000035a3600000,0x00000035a3700000)]
  0x0000019f7d132060 JavaThread "Unconstrained build operations Thread 56" [_thread_blocked, id=35428, stack(0x00000035a3700000,0x00000035a3800000)]
  0x0000019f7d133870 JavaThread "Unconstrained build operations Thread 57" [_thread_blocked, id=35268, stack(0x00000035a3800000,0x00000035a3900000)]
  0x0000019f7d133d40 JavaThread "Unconstrained build operations Thread 58" [_thread_blocked, id=33544, stack(0x00000035a3900000,0x00000035a3a00000)]
=>0x0000019f7d0005e0 JavaThread "C2 CompilerThread1" daemon [_thread_in_native, id=35848, stack(0x00000035a3a00000,0x00000035a3b00000)]
  0x0000019f7d1363c0 JavaThread "WorkerExecutor Queue Thread 4" [_thread_blocked, id=36212, stack(0x00000035a4400000,0x00000035a4500000)]
  0x0000019f7d134bb0 JavaThread "WorkerExecutor Queue Thread 5" [_thread_blocked, id=36776, stack(0x00000035a4500000,0x00000035a4600000)]
  0x0000019f7d135ef0 JavaThread "WorkerExecutor Queue Thread 6" [_thread_blocked, id=36016, stack(0x00000035a4600000,0x00000035a4700000)]
  0x0000019f7d132ed0 JavaThread "WorkerExecutor Queue Thread 7" [_thread_blocked, id=31532, stack(0x00000035a4700000,0x00000035a4800000)]
  0x0000019f7d1398b0 JavaThread "WorkerExecutor Queue Thread 8" [_thread_blocked, id=36304, stack(0x00000035a4800000,0x00000035a4900000)]
  0x0000019f7d137bd0 JavaThread "WorkerExecutor Queue Thread 9" [_thread_blocked, id=35000, stack(0x00000035a4900000,0x00000035a4a00000)]
  0x0000019f7d137230 JavaThread "WorkerExecutor Queue Thread 10" [_thread_blocked, id=6356, stack(0x00000035a4a00000,0x00000035a4b00000)]
  0x0000019f7d136d60 JavaThread "WorkerExecutor Queue Thread 11" [_thread_blocked, id=33000, stack(0x00000035a4b00000,0x00000035a4c00000)]
  0x0000019f7d1380a0 JavaThread "Unconstrained build operations Thread 59" [_thread_blocked, id=29712, stack(0x00000035a4d00000,0x00000035a4e00000)]
  0x0000019f7d138f10 JavaThread "Unconstrained build operations Thread 60" [_thread_blocked, id=36484, stack(0x00000035a4e00000,0x00000035a4f00000)]
  0x0000019f7d1393e0 JavaThread "Unconstrained build operations Thread 61" [_thread_blocked, id=36780, stack(0x00000035a4f00000,0x00000035a5000000)]
  0x0000019f7d138570 JavaThread "Unconstrained build operations Thread 62" [_thread_blocked, id=6064, stack(0x00000035a5000000,0x00000035a5100000)]
  0x0000019f7d1c5f60 JavaThread "Unconstrained build operations Thread 63" [_thread_blocked, id=36812, stack(0x00000035a5100000,0x00000035a5200000)]
  0x0000019f7bb3c0a0 JavaThread "Unconstrained build operations Thread 64" [_thread_blocked, id=36804, stack(0x00000035a5200000,0x00000035a5300000)]
  0x0000019f7d88af50 JavaThread "Unconstrained build operations Thread 65" [_thread_blocked, id=24308, stack(0x00000035a5300000,0x00000035a5400000)]
  0x0000019f7d88b420 JavaThread "Unconstrained build operations Thread 66" [_thread_blocked, id=33944, stack(0x00000035a5400000,0x00000035a5500000)]
  0x0000019f7d88b8f0 JavaThread "Unconstrained build operations Thread 67" [_thread_blocked, id=6976, stack(0x00000035a5500000,0x00000035a5600000)]
  0x0000019f7d88a0e0 JavaThread "Unconstrained build operations Thread 68" [_thread_blocked, id=37600, stack(0x00000035a5600000,0x00000035a5700000)]
  0x0000019f7d88a5b0 JavaThread "Unconstrained build operations Thread 69" [_thread_blocked, id=36204, stack(0x00000035a5700000,0x00000035a5800000)]
  0x0000019f7d88cc30 JavaThread "Unconstrained build operations Thread 70" [_thread_blocked, id=15240, stack(0x00000035a5800000,0x00000035a5900000)]
  0x0000019f7d88c290 JavaThread "Unconstrained build operations Thread 71" [_thread_blocked, id=37164, stack(0x00000035a5900000,0x00000035a5a00000)]
  0x0000019f7d88c760 JavaThread "Unconstrained build operations Thread 72" [_thread_blocked, id=21072, stack(0x00000035a5a00000,0x00000035a5b00000)]
  0x0000019f7d88d100 JavaThread "Unconstrained build operations Thread 73" [_thread_blocked, id=37104, stack(0x00000035a5b00000,0x00000035a5c00000)]
  0x0000019f7d889740 JavaThread "Unconstrained build operations Thread 74" [_thread_blocked, id=36300, stack(0x00000035a5c00000,0x00000035a5d00000)]
  0x0000019f7d88d5d0 JavaThread "Unconstrained build operations Thread 75" [_thread_blocked, id=35380, stack(0x00000035a5d00000,0x00000035a5e00000)]
  0x0000019f7d889c10 JavaThread "Unconstrained build operations Thread 76" [_thread_blocked, id=17176, stack(0x00000035a5e00000,0x00000035a5f00000)]
  0x0000019f7d88df70 JavaThread "Unconstrained build operations Thread 77" [_thread_blocked, id=17872, stack(0x00000035a5f00000,0x00000035a6000000)]
  0x0000019f7d88e440 JavaThread "Unconstrained build operations Thread 78" [_thread_blocked, id=15004, stack(0x00000035a6000000,0x00000035a6100000)]
  0x0000019f7d8905f0 JavaThread "Unconstrained build operations Thread 79" [_thread_blocked, id=36252, stack(0x00000035a6100000,0x00000035a6200000)]
  0x0000019f7d890ac0 JavaThread "Unconstrained build operations Thread 80" [_thread_blocked, id=11988, stack(0x00000035a6200000,0x00000035a6300000)]
  0x0000019f7d88e910 JavaThread "Unconstrained build operations Thread 81" [_thread_blocked, id=23228, stack(0x00000035a6300000,0x00000035a6400000)]
  0x0000019f7d88ede0 JavaThread "WorkerExecutor Queue Thread 13" [_thread_blocked, id=21632, stack(0x00000035a6400000,0x00000035a6500000)]
  0x0000019f7d88fc50 JavaThread "Unconstrained build operations Thread 82" [_thread_blocked, id=33632, stack(0x00000035a6500000,0x00000035a6600000)]
  0x0000019f7d890f90 JavaThread "Unconstrained build operations Thread 83" [_thread_blocked, id=36256, stack(0x00000035a6600000,0x00000035a6700000)]
  0x0000019f7d88daa0 JavaThread "Unconstrained build operations Thread 84" [_thread_blocked, id=20332, stack(0x00000035a6700000,0x00000035a6800000)]
  0x0000019f7d890120 JavaThread "Unconstrained build operations Thread 85" [_thread_blocked, id=35992, stack(0x00000035a6800000,0x00000035a6900000)]
  0x0000019f7d88f780 JavaThread "Unconstrained build operations Thread 86" [_thread_blocked, id=35928, stack(0x00000035a6900000,0x00000035a6a00000)]
  0x0000019f7de24db0 JavaThread "Unconstrained build operations Thread 87" [_thread_blocked, id=22364, stack(0x00000035a6a00000,0x00000035a6b00000)]
  0x0000019f7de248e0 JavaThread "Unconstrained build operations Thread 88" [_thread_blocked, id=36240, stack(0x00000035a6b00000,0x00000035a6c00000)]
  0x0000019f7de235a0 JavaThread "Unconstrained build operations Thread 89" [_thread_blocked, id=35844, stack(0x00000035a6c00000,0x00000035a6d00000)]
  0x0000019f7de23f40 JavaThread "Unconstrained build operations Thread 90" [_thread_blocked, id=35924, stack(0x00000035a6d00000,0x00000035a6e00000)]
  0x0000019f7de24410 JavaThread "Unconstrained build operations Thread 91" [_thread_blocked, id=13172, stack(0x00000035a6e00000,0x00000035a6f00000)]
  0x0000019f7de22260 JavaThread "Unconstrained build operations Thread 92" [_thread_blocked, id=24224, stack(0x00000035a6f00000,0x00000035a7000000)]
  0x0000019f7de25280 JavaThread "Unconstrained build operations Thread 93" [_thread_blocked, id=16528, stack(0x00000035a7000000,0x00000035a7100000)]
  0x0000019f7de218c0 JavaThread "Unconstrained build operations Thread 94" [_thread_blocked, id=9844, stack(0x00000035a7100000,0x00000035a7200000)]
  0x0000019f7de25750 JavaThread "Unconstrained build operations Thread 95" [_thread_blocked, id=3860, stack(0x00000035a7200000,0x00000035a7300000)]
  0x0000019f7de21d90 JavaThread "Unconstrained build operations Thread 96" [_thread_blocked, id=11536, stack(0x00000035a7300000,0x00000035a7400000)]
  0x0000019f7de25c20 JavaThread "Unconstrained build operations Thread 97" [_thread_blocked, id=36260, stack(0x00000035a7400000,0x00000035a7500000)]
  0x0000019f7de260f0 JavaThread "Unconstrained build operations Thread 98" [_thread_blocked, id=35944, stack(0x00000035a7500000,0x00000035a7600000)]
  0x0000019f7de22c00 JavaThread "Unconstrained build operations Thread 99" [_thread_blocked, id=36160, stack(0x00000035a7600000,0x00000035a7700000)]
  0x0000019f7de22730 JavaThread "Unconstrained build operations Thread 100" [_thread_blocked, id=1592, stack(0x00000035a7700000,0x00000035a7800000)]
  0x0000019f7de23a70 JavaThread "Unconstrained build operations Thread 101" [_thread_blocked, id=35792, stack(0x00000035a7800000,0x00000035a7900000)]
  0x0000019f7de265c0 JavaThread "Unconstrained build operations Thread 102" [_thread_blocked, id=19448, stack(0x00000035a7900000,0x00000035a7a00000)]
  0x0000019f7de26a90 JavaThread "Unconstrained build operations Thread 103" [_thread_blocked, id=26760, stack(0x00000035a7a00000,0x00000035a7b00000)]
  0x0000019f7de230d0 JavaThread "Unconstrained build operations Thread 104" [_thread_blocked, id=36276, stack(0x00000035a7b00000,0x00000035a7c00000)]
  0x0000019f7de26f60 JavaThread "Unconstrained build operations Thread 105" [_thread_blocked, id=11548, stack(0x00000035a7c00000,0x00000035a7d00000)]
  0x0000019f7de27430 JavaThread "Unconstrained build operations Thread 106" [_thread_blocked, id=37008, stack(0x00000035a7d00000,0x00000035a7e00000)]
  0x0000019f7de282a0 JavaThread "Unconstrained build operations Thread 107" [_thread_blocked, id=15856, stack(0x00000035a7e00000,0x00000035a7f00000)]
  0x0000019f7de28c40 JavaThread "Unconstrained build operations Thread 108" [_thread_blocked, id=35936, stack(0x00000035a7f00000,0x00000035a8000000)]
  0x0000019f7de28770 JavaThread "Unconstrained build operations Thread 109" [_thread_blocked, id=35284, stack(0x00000035a8000000,0x00000035a8100000)]
  0x0000019f7de27900 JavaThread "Unconstrained build operations Thread 110" [_thread_blocked, id=36976, stack(0x00000035a8100000,0x00000035a8200000)]
  0x0000019f7de29110 JavaThread "Unconstrained build operations Thread 111" [_thread_blocked, id=37724, stack(0x00000035a8200000,0x00000035a8300000)]
  0x0000019f7de27dd0 JavaThread "Unconstrained build operations Thread 112" [_thread_blocked, id=36944, stack(0x00000035a8300000,0x00000035a8400000)]
  0x0000019f00780e20 JavaThread "Unconstrained build operations Thread 113" [_thread_blocked, id=27208, stack(0x00000035a8400000,0x00000035a8500000)]
  0x0000019f0077f140 JavaThread "Unconstrained build operations Thread 114" [_thread_blocked, id=32964, stack(0x00000035a8500000,0x00000035a8600000)]
  0x0000019f007812f0 JavaThread "Unconstrained build operations Thread 115" [_thread_blocked, id=32172, stack(0x00000035a8600000,0x00000035a8700000)]
  0x0000019f0077f610 JavaThread "Unconstrained build operations Thread 116" [_thread_blocked, id=15220, stack(0x00000035a8700000,0x00000035a8800000)]
  0x0000019f0077fae0 JavaThread "Unconstrained build operations Thread 117" [_thread_blocked, id=21104, stack(0x00000035a8800000,0x00000035a8900000)]
  0x0000019f007817c0 JavaThread "Unconstrained build operations Thread 118" [_thread_blocked, id=29468, stack(0x00000035a8900000,0x00000035a8a00000)]
  0x0000019f00781c90 JavaThread "Unconstrained build operations Thread 119" [_thread_blocked, id=13132, stack(0x00000035a8a00000,0x00000035a8b00000)]
  0x0000019f00782160 JavaThread "Unconstrained build operations Thread 120" [_thread_blocked, id=13048, stack(0x00000035a8b00000,0x00000035a8c00000)]
  0x0000019f0077ec70 JavaThread "ForkJoinPool-1-worker-1" daemon [_thread_blocked, id=34040, stack(0x00000035a8c00000,0x00000035a8d00000)]
  0x0000019f00785650 JavaThread "ForkJoinPool-1-worker-2" daemon [_thread_blocked, id=30872, stack(0x00000035a8d00000,0x00000035a8e00000)]
  0x0000019f00785180 JavaThread "ForkJoinPool-1-worker-3" daemon [_thread_blocked, id=36324, stack(0x00000035a8e00000,0x00000035a8f00000)]
  0x0000019f00785b20 JavaThread "ForkJoinPool-1-worker-4" daemon [_thread_blocked, id=15900, stack(0x00000035a8f00000,0x00000035a9000000)]
  0x0000019f00783e40 JavaThread "ForkJoinPool-1-worker-5" daemon [_thread_blocked, id=11016, stack(0x00000035a9000000,0x00000035a9100000)]
  0x0000019f00784310 JavaThread "ForkJoinPool-1-worker-6" daemon [_thread_blocked, id=35328, stack(0x00000035a9100000,0x00000035a9200000)]
  0x0000019f007847e0 JavaThread "ForkJoinPool-1-worker-7" daemon [_thread_blocked, id=35172, stack(0x00000035a9200000,0x00000035a9300000)]
  0x0000019f00785ff0 JavaThread "ForkJoinPool-1-worker-8" daemon [_thread_blocked, id=35956, stack(0x00000035a9300000,0x00000035a9400000)]
  0x0000019f00784cb0 JavaThread "ForkJoinPool-1-worker-9" daemon [_thread_blocked, id=21044, stack(0x00000035a9400000,0x00000035a9500000)]
  0x0000019f007864c0 JavaThread "ForkJoinPool-1-worker-10" daemon [_thread_blocked, id=14596, stack(0x00000035a9500000,0x00000035a9600000)]
  0x0000019f00782b00 JavaThread "ForkJoinPool-1-worker-11" daemon [_thread_blocked, id=18752, stack(0x00000035a9600000,0x00000035a9700000)]
  0x0000019f00782fd0 JavaThread "ForkJoinPool-1-worker-12" daemon [_thread_blocked, id=35572, stack(0x00000035a9700000,0x00000035a9800000)]
  0x0000019f7d88f2b0 JavaThread "pool-4-thread-1" [_thread_blocked, id=23244, stack(0x00000035a9900000,0x00000035a9a00000)]
  0x0000019f7d138a40 JavaThread "stderr" [_thread_in_native, id=12408, stack(0x00000035a9a00000,0x00000035a9b00000)]
  0x0000019f7872e7f0 JavaThread "stdout" [_thread_in_native, id=35520, stack(0x00000035a9b00000,0x00000035a9c00000)]

Other Threads:
  0x0000019f758675a0 VMThread "VM Thread" [stack: 0x000000359b900000,0x000000359ba00000] [id=17428]
  0x0000019f55519e40 WatcherThread [stack: 0x000000359c500000,0x000000359c600000] [id=17448]
  0x0000019f5506e7e0 GCTaskThread "GC Thread#0" [stack: 0x000000359b400000,0x000000359b500000] [id=36320]
  0x0000019f7681c8e0 GCTaskThread "GC Thread#1" [stack: 0x000000359c600000,0x000000359c700000] [id=25492]
  0x0000019f76869cf0 GCTaskThread "GC Thread#2" [stack: 0x000000359c700000,0x000000359c800000] [id=12276]
  0x0000019f7742cee0 GCTaskThread "GC Thread#3" [stack: 0x000000359c900000,0x000000359ca00000] [id=35420]
  0x0000019f766ccab0 GCTaskThread "GC Thread#4" [stack: 0x000000359ca00000,0x000000359cb00000] [id=2136]
  0x0000019f783a35e0 GCTaskThread "GC Thread#5" [stack: 0x000000359d800000,0x000000359d900000] [id=26576]
  0x0000019f791dddb0 GCTaskThread "GC Thread#6" [stack: 0x000000359d900000,0x000000359da00000] [id=36960]
  0x0000019f78398e30 GCTaskThread "GC Thread#7" [stack: 0x000000359da00000,0x000000359db00000] [id=360]
  0x0000019f78971440 GCTaskThread "GC Thread#8" [stack: 0x000000359db00000,0x000000359dc00000] [id=13328]
  0x0000019f79cb7f50 GCTaskThread "GC Thread#9" [stack: 0x000000359dc00000,0x000000359dd00000] [id=9316]
  0x0000019f55569040 ConcurrentGCThread "G1 Main Marker" [stack: 0x000000359b500000,0x000000359b600000] [id=34916]
  0x0000019f55569860 ConcurrentGCThread "G1 Conc#0" [stack: 0x000000359b600000,0x000000359b700000] [id=24840]
  0x0000019f7a6c9560 ConcurrentGCThread "G1 Conc#1" [stack: 0x000000359df00000,0x000000359e000000] [id=13108]
  0x0000019f7a6c8d50 ConcurrentGCThread "G1 Conc#2" [stack: 0x000000359e000000,0x000000359e100000] [id=29832]
  0x0000019f555deca0 ConcurrentGCThread "G1 Refine#0" [stack: 0x000000359b700000,0x000000359b800000] [id=25692]
  0x0000019f79e1de50 ConcurrentGCThread "G1 Refine#1" [stack: 0x00000035a3b00000,0x00000035a3c00000] [id=35216]
  0x0000019f79e1e130 ConcurrentGCThread "G1 Refine#2" [stack: 0x00000035a3c00000,0x00000035a3d00000] [id=34824]
  0x0000019f79e1b8f0 ConcurrentGCThread "G1 Refine#3" [stack: 0x00000035a3d00000,0x00000035a3e00000] [id=12840]
  0x0000019f79e1e410 ConcurrentGCThread "G1 Refine#4" [stack: 0x00000035a3e00000,0x00000035a3f00000] [id=36092]
  0x0000019f79e1e6f0 ConcurrentGCThread "G1 Refine#5" [stack: 0x00000035a3f00000,0x00000035a4000000] [id=33504]
  0x0000019f79e1ca30 ConcurrentGCThread "G1 Refine#6" [stack: 0x00000035a4000000,0x00000035a4100000] [id=25820]
  0x0000019f79e1aa90 ConcurrentGCThread "G1 Refine#7" [stack: 0x00000035a4100000,0x00000035a4200000] [id=36292]
  0x0000019f02613ed0 ConcurrentGCThread "G1 Refine#8" [stack: 0x00000035a4c00000,0x00000035a4d00000] [id=29188]
  0x0000019f02613bf0 ConcurrentGCThread "G1 Refine#9" [stack: 0x00000035a9800000,0x00000035a9900000] [id=35796]
  0x0000019f7571db70 ConcurrentGCThread "G1 Service" [stack: 0x000000359b800000,0x000000359b900000] [id=37288]

Threads with active compile tasks:
C2 CompilerThread0    59569 27515       4       com.android.tools.r8.internal.l32::c (1731 bytes)
C2 CompilerThread1    59570 27414       4       com.android.tools.r8.internal.l32::b (2119 bytes)

VM state: at safepoint (normal execution)

VM Mutex/Monitor currently owned by a thread:  ([mutex/lock_event])
[0x0000019f555058a0] Threads_lock - owner thread: 0x0000019f758675a0
[0x0000019f55517e30] Heap_lock - owner thread: 0x0000019f7a741bd0

Heap address: 0x0000000080000000, size: 2048 MB, Compressed Oops mode: 32-bit

CDS archive(s) mapped at: [0x0000000800000000-0x0000000800bc0000-0x0000000800bc0000), size 12320768, SharedBaseAddress: 0x0000000800000000, ArchiveRelocationMode: 0.
Compressed class space mapped at: 0x0000000800c00000-0x0000000840c00000, reserved size: 1073741824
Narrow klass base: 0x0000000800000000, Narrow klass shift: 0, Narrow klass range: 0x100000000

GC Precious Log:
 CPUs: 12 total, 12 available
 Memory: 7439M
 Large Page Support: Disabled
 NUMA Support: Disabled
 Compressed Oops: Enabled (32-bit)
 Heap Region Size: 1M
 Heap Min Capacity: 8M
 Heap Initial Capacity: 118M
 Heap Max Capacity: 2G
 Pre-touch: Disabled
 Parallel Workers: 10
 Concurrent Workers: 3
 Concurrent Refinement Workers: 10
 Periodic GC: Disabled

Heap:
 garbage-first heap   total 739328K, used 561765K [0x0000000080000000, 0x0000000100000000)
  region size 1024K, 4 young (4096K), 4 survivors (4096K)
 Metaspace       used 131967K, committed 132992K, reserved 1171456K
  class space    used 18032K, committed 18496K, reserved 1048576K

Heap Regions: E=young(eden), S=young(survivor), O=old, HS=humongous(starts), HC=humongous(continues), CS=collection set, F=free, OA=open archive, CA=closed archive, TAMS=top-at-mark-start (previous, next)
|   0|0x0000000080000000, 0x0000000080100000, 0x0000000080100000|100%|HS|  |TAMS 0x0000000080100000, 0x0000000080000000| Complete 
|   1|0x0000000080100000, 0x0000000080200000, 0x0000000080200000|100%|HC|  |TAMS 0x0000000080200000, 0x0000000080100000| Complete 
|   2|0x0000000080200000, 0x0000000080300000, 0x0000000080300000|100%|HC|  |TAMS 0x0000000080300000, 0x0000000080200000| Complete 
|   3|0x0000000080300000, 0x0000000080400000, 0x0000000080400000|100%| O|  |TAMS 0x0000000080400000, 0x0000000080300000| Untracked 
|   4|0x0000000080400000, 0x0000000080500000, 0x0000000080500000|100%| O|  |TAMS 0x0000000080500000, 0x0000000080400000| Untracked 
|   5|0x0000000080500000, 0x0000000080600000, 0x0000000080600000|100%| O|  |TAMS 0x0000000080600000, 0x0000000080500000| Untracked 
|   6|0x0000000080600000, 0x0000000080700000, 0x0000000080700000|100%|HS|  |TAMS 0x0000000080700000, 0x0000000080600000| Complete 
|   7|0x0000000080700000, 0x0000000080800000, 0x0000000080800000|100%| O|  |TAMS 0x0000000080800000, 0x0000000080700000| Untracked 
|   8|0x0000000080800000, 0x0000000080900000, 0x0000000080900000|100%| O|  |TAMS 0x0000000080900000, 0x0000000080800000| Untracked 
|   9|0x0000000080900000, 0x0000000080a00000, 0x0000000080a00000|100%| O|  |TAMS 0x0000000080a00000, 0x0000000080900000| Untracked 
|  10|0x0000000080a00000, 0x0000000080b00000, 0x0000000080b00000|100%| O|  |TAMS 0x0000000080b00000, 0x0000000080a00000| Untracked 
|  11|0x0000000080b00000, 0x0000000080c00000, 0x0000000080c00000|100%| O|  |TAMS 0x0000000080c00000, 0x0000000080b00000| Untracked 
|  12|0x0000000080c00000, 0x0000000080d00000, 0x0000000080d00000|100%| O|  |TAMS 0x0000000080d00000, 0x0000000080c00000| Untracked 
|  13|0x0000000080d00000, 0x0000000080e00000, 0x0000000080e00000|100%| O|  |TAMS 0x0000000080e00000, 0x0000000080d00000| Untracked 
|  14|0x0000000080e00000, 0x0000000080f00000, 0x0000000080f00000|100%| O|  |TAMS 0x0000000080f00000, 0x0000000080e00000| Untracked 
|  15|0x0000000080f00000, 0x0000000081000000, 0x0000000081000000|100%| O|  |TAMS 0x0000000081000000, 0x0000000080f00000| Untracked 
|  16|0x0000000081000000, 0x0000000081100000, 0x0000000081100000|100%| O|  |TAMS 0x0000000081100000, 0x0000000081000000| Untracked 
|  17|0x0000000081100000, 0x0000000081200000, 0x0000000081200000|100%| O|  |TAMS 0x0000000081200000, 0x0000000081100000| Untracked 
|  18|0x0000000081200000, 0x0000000081300000, 0x0000000081300000|100%| O|  |TAMS 0x0000000081300000, 0x0000000081200000| Untracked 
|  19|0x0000000081300000, 0x00000000813e2200, 0x0000000081400000| 88%| O|  |TAMS 0x00000000813e2200, 0x0000000081300000| Untracked 
|  20|0x0000000081400000, 0x0000000081500000, 0x0000000081500000|100%| O|  |TAMS 0x0000000081500000, 0x0000000081400000| Untracked 
|  21|0x0000000081500000, 0x0000000081600000, 0x0000000081600000|100%| O|  |TAMS 0x0000000081600000, 0x0000000081500000| Untracked 
|  22|0x0000000081600000, 0x0000000081700000, 0x0000000081700000|100%| O|  |TAMS 0x0000000081700000, 0x0000000081600000| Untracked 
|  23|0x0000000081700000, 0x0000000081800000, 0x0000000081800000|100%| O|  |TAMS 0x0000000081800000, 0x0000000081700000| Untracked 
|  24|0x0000000081800000, 0x0000000081900000, 0x0000000081900000|100%| O|  |TAMS 0x0000000081900000, 0x0000000081800000| Untracked 
|  25|0x0000000081900000, 0x0000000081a00000, 0x0000000081a00000|100%| O|  |TAMS 0x0000000081900000, 0x0000000081900000| Untracked 
|  26|0x0000000081a00000, 0x0000000081b00000, 0x0000000081b00000|100%| O|  |TAMS 0x0000000081b00000, 0x0000000081a00000| Untracked 
|  27|0x0000000081b00000, 0x0000000081c00000, 0x0000000081c00000|100%| O|  |TAMS 0x0000000081c00000, 0x0000000081b00000| Untracked 
|  28|0x0000000081c00000, 0x0000000081d00000, 0x0000000081d00000|100%| O|  |TAMS 0x0000000081d00000, 0x0000000081c00000| Untracked 
|  29|0x0000000081d00000, 0x0000000081e00000, 0x0000000081e00000|100%| O|  |TAMS 0x0000000081e00000, 0x0000000081d00000| Untracked 
|  30|0x0000000081e00000, 0x0000000081f00000, 0x0000000081f00000|100%| O|  |TAMS 0x0000000081f00000, 0x0000000081e00000| Untracked 
|  31|0x0000000081f00000, 0x0000000082000000, 0x0000000082000000|100%| O|  |TAMS 0x0000000082000000, 0x0000000081f00000| Untracked 
|  32|0x0000000082000000, 0x0000000082100000, 0x0000000082100000|100%| O|  |TAMS 0x0000000082100000, 0x0000000082000000| Untracked 
|  33|0x0000000082100000, 0x0000000082200000, 0x0000000082200000|100%| O|  |TAMS 0x0000000082200000, 0x0000000082100000| Untracked 
|  34|0x0000000082200000, 0x0000000082300000, 0x0000000082300000|100%| O|  |TAMS 0x0000000082300000, 0x0000000082200000| Untracked 
|  35|0x0000000082300000, 0x0000000082400000, 0x0000000082400000|100%| O|  |TAMS 0x0000000082400000, 0x0000000082300000| Untracked 
|  36|0x0000000082400000, 0x0000000082500000, 0x0000000082500000|100%| O|  |TAMS 0x0000000082500000, 0x0000000082400000| Untracked 
|  37|0x0000000082500000, 0x0000000082600000, 0x0000000082600000|100%| O|  |TAMS 0x0000000082600000, 0x0000000082500000| Untracked 
|  38|0x0000000082600000, 0x0000000082700000, 0x0000000082700000|100%| O|  |TAMS 0x0000000082700000, 0x0000000082600000| Untracked 
|  39|0x0000000082700000, 0x0000000082800000, 0x0000000082800000|100%| O|  |TAMS 0x0000000082800000, 0x0000000082700000| Untracked 
|  40|0x0000000082800000, 0x0000000082900000, 0x0000000082900000|100%|HS|  |TAMS 0x0000000082900000, 0x0000000082800000| Complete 
|  41|0x0000000082900000, 0x0000000082a00000, 0x0000000082a00000|100%|HS|  |TAMS 0x0000000082a00000, 0x0000000082900000| Complete 
|  42|0x0000000082a00000, 0x0000000082b00000, 0x0000000082b00000|100%|HS|  |TAMS 0x0000000082b00000, 0x0000000082a00000| Complete 
|  43|0x0000000082b00000, 0x0000000082c00000, 0x0000000082c00000|100%|HS|  |TAMS 0x0000000082c00000, 0x0000000082b00000| Complete 
|  44|0x0000000082c00000, 0x0000000082d00000, 0x0000000082d00000|100%|HS|  |TAMS 0x0000000082d00000, 0x0000000082c00000| Complete 
|  45|0x0000000082d00000, 0x0000000082e00000, 0x0000000082e00000|100%| O|  |TAMS 0x0000000082e00000, 0x0000000082d00000| Untracked 
|  46|0x0000000082e00000, 0x0000000082f00000, 0x0000000082f00000|100%| O|  |TAMS 0x0000000082f00000, 0x0000000082e00000| Untracked 
|  47|0x0000000082f00000, 0x0000000083000000, 0x0000000083000000|100%| O|  |TAMS 0x0000000083000000, 0x0000000082f00000| Untracked 
|  48|0x0000000083000000, 0x0000000083100000, 0x0000000083100000|100%| O|  |TAMS 0x0000000083100000, 0x0000000083000000| Untracked 
|  49|0x0000000083100000, 0x0000000083200000, 0x0000000083200000|100%| O|  |TAMS 0x0000000083200000, 0x0000000083100000| Untracked 
|  50|0x0000000083200000, 0x0000000083300000, 0x0000000083300000|100%| O|  |TAMS 0x0000000083300000, 0x0000000083200000| Untracked 
|  51|0x0000000083300000, 0x0000000083400000, 0x0000000083400000|100%| O|  |TAMS 0x0000000083400000, 0x0000000083300000| Untracked 
|  52|0x0000000083400000, 0x0000000083500000, 0x0000000083500000|100%| O|  |TAMS 0x0000000083500000, 0x0000000083400000| Untracked 
|  53|0x0000000083500000, 0x0000000083600000, 0x0000000083600000|100%| O|  |TAMS 0x0000000083600000, 0x0000000083500000| Untracked 
|  54|0x0000000083600000, 0x0000000083700000, 0x0000000083700000|100%|HS|  |TAMS 0x0000000083700000, 0x0000000083600000| Complete 
|  55|0x0000000083700000, 0x0000000083800000, 0x0000000083800000|100%| O|  |TAMS 0x0000000083800000, 0x0000000083700000| Untracked 
|  56|0x0000000083800000, 0x0000000083900000, 0x0000000083900000|100%| O|  |TAMS 0x0000000083900000, 0x0000000083800000| Untracked 
|  57|0x0000000083900000, 0x0000000083a00000, 0x0000000083a00000|100%|HS|  |TAMS 0x0000000083a00000, 0x0000000083900000| Complete 
|  58|0x0000000083a00000, 0x0000000083b00000, 0x0000000083b00000|100%| O|  |TAMS 0x0000000083b00000, 0x0000000083a00000| Untracked 
|  59|0x0000000083b00000, 0x0000000083c00000, 0x0000000083c00000|100%| O|  |TAMS 0x0000000083c00000, 0x0000000083b00000| Untracked 
|  60|0x0000000083c00000, 0x0000000083d00000, 0x0000000083d00000|100%| O|  |TAMS 0x0000000083d00000, 0x0000000083c00000| Untracked 
|  61|0x0000000083d00000, 0x0000000083e00000, 0x0000000083e00000|100%| O|  |TAMS 0x0000000083e00000, 0x0000000083d00000| Untracked 
|  62|0x0000000083e00000, 0x0000000083f00000, 0x0000000083f00000|100%| O|  |TAMS 0x0000000083f00000, 0x0000000083e00000| Untracked 
|  63|0x0000000083f00000, 0x0000000084000000, 0x0000000084000000|100%| O|  |TAMS 0x0000000084000000, 0x0000000083f00000| Untracked 
|  64|0x0000000084000000, 0x0000000084100000, 0x0000000084100000|100%| O|  |TAMS 0x0000000084100000, 0x0000000084000000| Untracked 
|  65|0x0000000084100000, 0x0000000084200000, 0x0000000084200000|100%| O|  |TAMS 0x0000000084200000, 0x0000000084100000| Untracked 
|  66|0x0000000084200000, 0x0000000084300000, 0x0000000084300000|100%| O|  |TAMS 0x0000000084300000, 0x0000000084200000| Untracked 
|  67|0x0000000084300000, 0x0000000084400000, 0x0000000084400000|100%| O|  |TAMS 0x0000000084300000, 0x0000000084300000| Untracked 
|  68|0x0000000084400000, 0x0000000084500000, 0x0000000084500000|100%| O|  |TAMS 0x0000000084500000, 0x0000000084400000| Untracked 
|  69|0x0000000084500000, 0x0000000084600000, 0x0000000084600000|100%| O|  |TAMS 0x0000000084600000, 0x0000000084500000| Untracked 
|  70|0x0000000084600000, 0x0000000084700000, 0x0000000084700000|100%| O|  |TAMS 0x0000000084700000, 0x0000000084600000| Untracked 
|  71|0x0000000084700000, 0x0000000084800000, 0x0000000084800000|100%| O|  |TAMS 0x0000000084800000, 0x0000000084700000| Untracked 
|  72|0x0000000084800000, 0x0000000084900000, 0x0000000084900000|100%| O|  |TAMS 0x0000000084900000, 0x0000000084800000| Untracked 
|  73|0x0000000084900000, 0x0000000084a00000, 0x0000000084a00000|100%|HS|  |TAMS 0x0000000084900000, 0x0000000084900000| Complete 
|  74|0x0000000084a00000, 0x0000000084b00000, 0x0000000084b00000|100%| O|  |TAMS 0x0000000084b00000, 0x0000000084a00000| Untracked 
|  75|0x0000000084b00000, 0x0000000084c00000, 0x0000000084c00000|100%| O|  |TAMS 0x0000000084c00000, 0x0000000084b00000| Untracked 
|  76|0x0000000084c00000, 0x0000000084d00000, 0x0000000084d00000|100%| O|  |TAMS 0x0000000084d00000, 0x0000000084c00000| Untracked 
|  77|0x0000000084d00000, 0x0000000084e00000, 0x0000000084e00000|100%| O|  |TAMS 0x0000000084e00000, 0x0000000084d00000| Untracked 
|  78|0x0000000084e00000, 0x0000000084f00000, 0x0000000084f00000|100%| O|  |TAMS 0x0000000084f00000, 0x0000000084e00000| Untracked 
|  79|0x0000000084f00000, 0x0000000085000000, 0x0000000085000000|100%| O|  |TAMS 0x0000000085000000, 0x0000000084f00000| Untracked 
|  80|0x0000000085000000, 0x0000000085100000, 0x0000000085100000|100%| O|  |TAMS 0x0000000085100000, 0x0000000085000000| Untracked 
|  81|0x0000000085100000, 0x0000000085200000, 0x0000000085200000|100%| O|  |TAMS 0x0000000085200000, 0x0000000085100000| Untracked 
|  82|0x0000000085200000, 0x0000000085300000, 0x0000000085300000|100%| O|  |TAMS 0x0000000085300000, 0x0000000085200000| Untracked 
|  83|0x0000000085300000, 0x0000000085400000, 0x0000000085400000|100%| O|  |TAMS 0x0000000085400000, 0x0000000085300000| Untracked 
|  84|0x0000000085400000, 0x0000000085500000, 0x0000000085500000|100%| O|  |TAMS 0x0000000085500000, 0x0000000085400000| Untracked 
|  85|0x0000000085500000, 0x0000000085600000, 0x0000000085600000|100%| O|  |TAMS 0x0000000085600000, 0x0000000085500000| Untracked 
|  86|0x0000000085600000, 0x0000000085700000, 0x0000000085700000|100%| O|  |TAMS 0x0000000085700000, 0x0000000085600000| Untracked 
|  87|0x0000000085700000, 0x0000000085800000, 0x0000000085800000|100%| O|  |TAMS 0x0000000085800000, 0x0000000085700000| Untracked 
|  88|0x0000000085800000, 0x0000000085900000, 0x0000000085900000|100%| O|  |TAMS 0x0000000085900000, 0x0000000085800000| Untracked 
|  89|0x0000000085900000, 0x0000000085a00000, 0x0000000085a00000|100%| O|  |TAMS 0x0000000085a00000, 0x0000000085900000| Untracked 
|  90|0x0000000085a00000, 0x0000000085b00000, 0x0000000085b00000|100%| O|  |TAMS 0x0000000085b00000, 0x0000000085a00000| Untracked 
|  91|0x0000000085b00000, 0x0000000085c00000, 0x0000000085c00000|100%| O|  |TAMS 0x0000000085c00000, 0x0000000085b00000| Untracked 
|  92|0x0000000085c00000, 0x0000000085d00000, 0x0000000085d00000|100%| O|  |TAMS 0x0000000085d00000, 0x0000000085c00000| Untracked 
|  93|0x0000000085d00000, 0x0000000085e00000, 0x0000000085e00000|100%| O|  |TAMS 0x0000000085e00000, 0x0000000085d00000| Untracked 
|  94|0x0000000085e00000, 0x0000000085f00000, 0x0000000085f00000|100%| O|  |TAMS 0x0000000085f00000, 0x0000000085e00000| Untracked 
|  95|0x0000000085f00000, 0x0000000086000000, 0x0000000086000000|100%| O|  |TAMS 0x0000000086000000, 0x0000000085f00000| Untracked 
|  96|0x0000000086000000, 0x0000000086100000, 0x0000000086100000|100%| O|  |TAMS 0x0000000086100000, 0x0000000086000000| Untracked 
|  97|0x0000000086100000, 0x0000000086200000, 0x0000000086200000|100%| O|  |TAMS 0x0000000086200000, 0x0000000086100000| Untracked 
|  98|0x0000000086200000, 0x0000000086300000, 0x0000000086300000|100%|HS|  |TAMS 0x0000000086300000, 0x0000000086200000| Complete 
|  99|0x0000000086300000, 0x0000000086400000, 0x0000000086400000|100%|HC|  |TAMS 0x0000000086400000, 0x0000000086300000| Complete 
| 100|0x0000000086400000, 0x0000000086500000, 0x0000000086500000|100%| O|  |TAMS 0x0000000086500000, 0x0000000086400000| Untracked 
| 101|0x0000000086500000, 0x0000000086600000, 0x0000000086600000|100%| O|  |TAMS 0x0000000086600000, 0x0000000086500000| Untracked 
| 102|0x0000000086600000, 0x0000000086700000, 0x0000000086700000|100%|HS|  |TAMS 0x0000000086600000, 0x0000000086600000| Complete 
| 103|0x0000000086700000, 0x0000000086800000, 0x0000000086800000|100%| O|  |TAMS 0x0000000086782000, 0x0000000086700000| Untracked 
| 104|0x0000000086800000, 0x0000000086900000, 0x0000000086900000|100%| O|  |TAMS 0x0000000086800000, 0x0000000086800000| Untracked 
| 105|0x0000000086900000, 0x0000000086a00000, 0x0000000086a00000|100%| O|  |TAMS 0x0000000086900000, 0x0000000086900000| Untracked 
| 106|0x0000000086a00000, 0x0000000086b00000, 0x0000000086b00000|100%| O|  |TAMS 0x0000000086a00000, 0x0000000086a00000| Untracked 
| 107|0x0000000086b00000, 0x0000000086c00000, 0x0000000086c00000|100%| O|  |TAMS 0x0000000086b00000, 0x0000000086b00000| Untracked 
| 108|0x0000000086c00000, 0x0000000086d00000, 0x0000000086d00000|100%| O|  |TAMS 0x0000000086d00000, 0x0000000086c00000| Untracked 
| 109|0x0000000086d00000, 0x0000000086e00000, 0x0000000086e00000|100%| O|  |TAMS 0x0000000086e00000, 0x0000000086d00000| Untracked 
| 110|0x0000000086e00000, 0x0000000086f00000, 0x0000000086f00000|100%| O|  |TAMS 0x0000000086f00000, 0x0000000086e00000| Untracked 
| 111|0x0000000086f00000, 0x0000000087000000, 0x0000000087000000|100%| O|  |TAMS 0x0000000087000000, 0x0000000086f00000| Untracked 
| 112|0x0000000087000000, 0x0000000087100000, 0x0000000087100000|100%| O|  |TAMS 0x0000000087100000, 0x0000000087000000| Untracked 
| 113|0x0000000087100000, 0x0000000087200000, 0x0000000087200000|100%| O|  |TAMS 0x0000000087200000, 0x0000000087100000| Untracked 
| 114|0x0000000087200000, 0x0000000087300000, 0x0000000087300000|100%| O|  |TAMS 0x0000000087300000, 0x0000000087200000| Untracked 
| 115|0x0000000087300000, 0x0000000087400000, 0x0000000087400000|100%| O|  |TAMS 0x0000000087400000, 0x0000000087300000| Untracked 
| 116|0x0000000087400000, 0x0000000087500000, 0x0000000087500000|100%| O|  |TAMS 0x0000000087500000, 0x0000000087400000| Untracked 
| 117|0x0000000087500000, 0x0000000087600000, 0x0000000087600000|100%| O|  |TAMS 0x0000000087500000, 0x0000000087500000| Untracked 
| 118|0x0000000087600000, 0x0000000087700000, 0x0000000087700000|100%| O|  |TAMS 0x0000000087600000, 0x0000000087600000| Untracked 
| 119|0x0000000087700000, 0x0000000087800000, 0x0000000087800000|100%| O|  |TAMS 0x0000000087700000, 0x0000000087700000| Untracked 
| 120|0x0000000087800000, 0x0000000087900000, 0x0000000087900000|100%| O|  |TAMS 0x0000000087900000, 0x0000000087800000| Untracked 
| 121|0x0000000087900000, 0x0000000087a00000, 0x0000000087a00000|100%| O|  |TAMS 0x0000000087a00000, 0x0000000087900000| Untracked 
| 122|0x0000000087a00000, 0x0000000087b00000, 0x0000000087b00000|100%| O|  |TAMS 0x0000000087a00000, 0x0000000087a00000| Untracked 
| 123|0x0000000087b00000, 0x0000000087c00000, 0x0000000087c00000|100%| O|  |TAMS 0x0000000087b00000, 0x0000000087b00000| Untracked 
| 124|0x0000000087c00000, 0x0000000087d00000, 0x0000000087d00000|100%|HS|  |TAMS 0x0000000087c00000, 0x0000000087c00000| Complete 
| 125|0x0000000087d00000, 0x0000000087e00000, 0x0000000087e00000|100%|HC|  |TAMS 0x0000000087d00000, 0x0000000087d00000| Complete 
| 126|0x0000000087e00000, 0x0000000087f00000, 0x0000000087f00000|100%|HS|  |TAMS 0x0000000087e00000, 0x0000000087e00000| Complete 
| 127|0x0000000087f00000, 0x0000000088000000, 0x0000000088000000|100%|HS|  |TAMS 0x0000000087f00000, 0x0000000087f00000| Complete 
| 128|0x0000000088000000, 0x0000000088100000, 0x0000000088100000|100%|HS|  |TAMS 0x0000000088000000, 0x0000000088000000| Complete 
| 129|0x0000000088100000, 0x0000000088200000, 0x0000000088200000|100%|HC|  |TAMS 0x0000000088100000, 0x0000000088100000| Complete 
| 130|0x0000000088200000, 0x0000000088300000, 0x0000000088300000|100%|HS|  |TAMS 0x0000000088200000, 0x0000000088200000| Complete 
| 131|0x0000000088300000, 0x0000000088400000, 0x0000000088400000|100%|HC|  |TAMS 0x0000000088300000, 0x0000000088300000| Complete 
| 132|0x0000000088400000, 0x0000000088500000, 0x0000000088500000|100%|HS|  |TAMS 0x0000000088400000, 0x0000000088400000| Complete 
| 133|0x0000000088500000, 0x0000000088600000, 0x0000000088600000|100%|HC|  |TAMS 0x0000000088500000, 0x0000000088500000| Complete 
| 134|0x0000000088600000, 0x0000000088700000, 0x0000000088700000|100%|HC|  |TAMS 0x0000000088600000, 0x0000000088600000| Complete 
| 135|0x0000000088700000, 0x0000000088800000, 0x0000000088800000|100%| O|  |TAMS 0x0000000088700000, 0x0000000088700000| Untracked 
| 136|0x0000000088800000, 0x0000000088900000, 0x0000000088900000|100%| O|  |TAMS 0x0000000088800000, 0x0000000088800000| Untracked 
| 137|0x0000000088900000, 0x0000000088a00000, 0x0000000088a00000|100%| O|  |TAMS 0x0000000088900000, 0x0000000088900000| Untracked 
| 138|0x0000000088a00000, 0x0000000088b00000, 0x0000000088b00000|100%|HS|  |TAMS 0x0000000088a00000, 0x0000000088a00000| Complete 
| 139|0x0000000088b00000, 0x0000000088c00000, 0x0000000088c00000|100%|HC|  |TAMS 0x0000000088b00000, 0x0000000088b00000| Complete 
| 140|0x0000000088c00000, 0x0000000088d00000, 0x0000000088d00000|100%| O|  |TAMS 0x0000000088c00000, 0x0000000088c00000| Untracked 
| 141|0x0000000088d00000, 0x0000000088e00000, 0x0000000088e00000|100%| O|  |TAMS 0x0000000088d00000, 0x0000000088d00000| Untracked 
| 142|0x0000000088e00000, 0x0000000088f00000, 0x0000000088f00000|100%| O|  |TAMS 0x0000000088e00000, 0x0000000088e00000| Untracked 
| 143|0x0000000088f00000, 0x0000000089000000, 0x0000000089000000|100%| O|  |TAMS 0x0000000088f00000, 0x0000000088f00000| Untracked 
| 144|0x0000000089000000, 0x0000000089100000, 0x0000000089100000|100%| O|  |TAMS 0x0000000089000000, 0x0000000089000000| Untracked 
| 145|0x0000000089100000, 0x0000000089200000, 0x0000000089200000|100%| O|  |TAMS 0x0000000089100000, 0x0000000089100000| Untracked 
| 146|0x0000000089200000, 0x0000000089300000, 0x0000000089300000|100%| O|  |TAMS 0x0000000089200000, 0x0000000089200000| Untracked 
| 147|0x0000000089300000, 0x0000000089400000, 0x0000000089400000|100%|HS|  |TAMS 0x0000000089300000, 0x0000000089300000| Complete 
| 148|0x0000000089400000, 0x0000000089500000, 0x0000000089500000|100%|HC|  |TAMS 0x0000000089400000, 0x0000000089400000| Complete 
| 149|0x0000000089500000, 0x0000000089600000, 0x0000000089600000|100%| O|  |TAMS 0x0000000089500000, 0x0000000089500000| Untracked 
| 150|0x0000000089600000, 0x0000000089700000, 0x0000000089700000|100%|HS|  |TAMS 0x0000000089600000, 0x0000000089600000| Complete 
| 151|0x0000000089700000, 0x0000000089800000, 0x0000000089800000|100%| O|  |TAMS 0x0000000089700000, 0x0000000089700000| Untracked 
| 152|0x0000000089800000, 0x0000000089900000, 0x0000000089900000|100%| O|  |TAMS 0x0000000089800000, 0x0000000089800000| Untracked 
| 153|0x0000000089900000, 0x0000000089a00000, 0x0000000089a00000|100%| O|  |TAMS 0x0000000089900000, 0x0000000089900000| Untracked 
| 154|0x0000000089a00000, 0x0000000089b00000, 0x0000000089b00000|100%| O|  |TAMS 0x0000000089a00000, 0x0000000089a00000| Untracked 
| 155|0x0000000089b00000, 0x0000000089c00000, 0x0000000089c00000|100%| O|  |TAMS 0x0000000089b00000, 0x0000000089b00000| Untracked 
| 156|0x0000000089c00000, 0x0000000089d00000, 0x0000000089d00000|100%| O|  |TAMS 0x0000000089c00000, 0x0000000089c00000| Untracked 
| 157|0x0000000089d00000, 0x0000000089e00000, 0x0000000089e00000|100%| O|  |TAMS 0x0000000089d00000, 0x0000000089d00000| Untracked 
| 158|0x0000000089e00000, 0x0000000089f00000, 0x0000000089f00000|100%| O|  |TAMS 0x0000000089e00000, 0x0000000089e00000| Untracked 
| 159|0x0000000089f00000, 0x000000008a000000, 0x000000008a000000|100%| O|  |TAMS 0x0000000089f00000, 0x0000000089f00000| Untracked 
| 160|0x000000008a000000, 0x000000008a100000, 0x000000008a100000|100%| O|  |TAMS 0x000000008a000000, 0x000000008a000000| Untracked 
| 161|0x000000008a100000, 0x000000008a200000, 0x000000008a200000|100%| O|  |TAMS 0x000000008a100000, 0x000000008a100000| Untracked 
| 162|0x000000008a200000, 0x000000008a300000, 0x000000008a300000|100%| O|  |TAMS 0x000000008a200000, 0x000000008a200000| Untracked 
| 163|0x000000008a300000, 0x000000008a400000, 0x000000008a400000|100%| O|  |TAMS 0x000000008a300000, 0x000000008a300000| Untracked 
| 164|0x000000008a400000, 0x000000008a500000, 0x000000008a500000|100%| O|  |TAMS 0x000000008a400000, 0x000000008a400000| Untracked 
| 165|0x000000008a500000, 0x000000008a600000, 0x000000008a600000|100%| O|  |TAMS 0x000000008a500000, 0x000000008a500000| Untracked 
| 166|0x000000008a600000, 0x000000008a700000, 0x000000008a700000|100%| O|  |TAMS 0x000000008a600000, 0x000000008a600000| Untracked 
| 167|0x000000008a700000, 0x000000008a800000, 0x000000008a800000|100%| O|  |TAMS 0x000000008a700000, 0x000000008a700000| Untracked 
| 168|0x000000008a800000, 0x000000008a900000, 0x000000008a900000|100%| O|  |TAMS 0x000000008a800000, 0x000000008a800000| Untracked 
| 169|0x000000008a900000, 0x000000008aa00000, 0x000000008aa00000|100%| O|  |TAMS 0x000000008a900000, 0x000000008a900000| Untracked 
| 170|0x000000008aa00000, 0x000000008ab00000, 0x000000008ab00000|100%| O|  |TAMS 0x000000008aa00000, 0x000000008aa00000| Untracked 
| 171|0x000000008ab00000, 0x000000008ac00000, 0x000000008ac00000|100%| O|  |TAMS 0x000000008ab00000, 0x000000008ab00000| Untracked 
| 172|0x000000008ac00000, 0x000000008ad00000, 0x000000008ad00000|100%| O|  |TAMS 0x000000008ac00000, 0x000000008ac00000| Untracked 
| 173|0x000000008ad00000, 0x000000008ae00000, 0x000000008ae00000|100%|HS|  |TAMS 0x000000008ad00000, 0x000000008ad00000| Complete 
| 174|0x000000008ae00000, 0x000000008af00000, 0x000000008af00000|100%|HC|  |TAMS 0x000000008ae00000, 0x000000008ae00000| Complete 
| 175|0x000000008af00000, 0x000000008b000000, 0x000000008b000000|100%|HC|  |TAMS 0x000000008af00000, 0x000000008af00000| Complete 
| 176|0x000000008b000000, 0x000000008b100000, 0x000000008b100000|100%|HS|  |TAMS 0x000000008b000000, 0x000000008b000000| Complete 
| 177|0x000000008b100000, 0x000000008b200000, 0x000000008b200000|100%|HS|  |TAMS 0x000000008b100000, 0x000000008b100000| Complete 
| 178|0x000000008b200000, 0x000000008b300000, 0x000000008b300000|100%| O|  |TAMS 0x000000008b200000, 0x000000008b200000| Untracked 
| 179|0x000000008b300000, 0x000000008b400000, 0x000000008b400000|100%| O|  |TAMS 0x000000008b300000, 0x000000008b300000| Untracked 
| 180|0x000000008b400000, 0x000000008b500000, 0x000000008b500000|100%| O|  |TAMS 0x000000008b400000, 0x000000008b400000| Untracked 
| 181|0x000000008b500000, 0x000000008b600000, 0x000000008b600000|100%| O|  |TAMS 0x000000008b500000, 0x000000008b500000| Untracked 
| 182|0x000000008b600000, 0x000000008b700000, 0x000000008b700000|100%| O|  |TAMS 0x000000008b600000, 0x000000008b600000| Untracked 
| 183|0x000000008b700000, 0x000000008b800000, 0x000000008b800000|100%| O|  |TAMS 0x000000008b700000, 0x000000008b700000| Untracked 
| 184|0x000000008b800000, 0x000000008b900000, 0x000000008b900000|100%| O|  |TAMS 0x000000008b800000, 0x000000008b800000| Untracked 
| 185|0x000000008b900000, 0x000000008ba00000, 0x000000008ba00000|100%| O|  |TAMS 0x000000008b900000, 0x000000008b900000| Untracked 
| 186|0x000000008ba00000, 0x000000008bb00000, 0x000000008bb00000|100%| O|  |TAMS 0x000000008ba00000, 0x000000008ba00000| Untracked 
| 187|0x000000008bb00000, 0x000000008bc00000, 0x000000008bc00000|100%| O|  |TAMS 0x000000008bb00000, 0x000000008bb00000| Untracked 
| 188|0x000000008bc00000, 0x000000008bd00000, 0x000000008bd00000|100%| O|  |TAMS 0x000000008bc00000, 0x000000008bc00000| Untracked 
| 189|0x000000008bd00000, 0x000000008be00000, 0x000000008be00000|100%| O|  |TAMS 0x000000008bd00000, 0x000000008bd00000| Untracked 
| 190|0x000000008be00000, 0x000000008bf00000, 0x000000008bf00000|100%| O|  |TAMS 0x000000008be00000, 0x000000008be00000| Untracked 
| 191|0x000000008bf00000, 0x000000008c000000, 0x000000008c000000|100%| O|  |TAMS 0x000000008bf00000, 0x000000008bf00000| Untracked 
| 192|0x000000008c000000, 0x000000008c100000, 0x000000008c100000|100%| O|  |TAMS 0x000000008c000000, 0x000000008c000000| Untracked 
| 193|0x000000008c100000, 0x000000008c200000, 0x000000008c200000|100%| O|  |TAMS 0x000000008c100000, 0x000000008c100000| Untracked 
| 194|0x000000008c200000, 0x000000008c300000, 0x000000008c300000|100%| O|  |TAMS 0x000000008c200000, 0x000000008c200000| Untracked 
| 195|0x000000008c300000, 0x000000008c400000, 0x000000008c400000|100%| O|  |TAMS 0x000000008c300000, 0x000000008c300000| Untracked 
| 196|0x000000008c400000, 0x000000008c500000, 0x000000008c500000|100%| O|  |TAMS 0x000000008c400000, 0x000000008c400000| Untracked 
| 197|0x000000008c500000, 0x000000008c600000, 0x000000008c600000|100%| O|  |TAMS 0x000000008c500000, 0x000000008c500000| Untracked 
| 198|0x000000008c600000, 0x000000008c700000, 0x000000008c700000|100%| O|  |TAMS 0x000000008c600000, 0x000000008c600000| Untracked 
| 199|0x000000008c700000, 0x000000008c800000, 0x000000008c800000|100%| O|  |TAMS 0x000000008c700000, 0x000000008c700000| Untracked 
| 200|0x000000008c800000, 0x000000008c900000, 0x000000008c900000|100%| O|  |TAMS 0x000000008c800000, 0x000000008c800000| Untracked 
| 201|0x000000008c900000, 0x000000008ca00000, 0x000000008ca00000|100%| O|  |TAMS 0x000000008c900000, 0x000000008c900000| Untracked 
| 202|0x000000008ca00000, 0x000000008cb00000, 0x000000008cb00000|100%| O|  |TAMS 0x000000008ca00000, 0x000000008ca00000| Untracked 
| 203|0x000000008cb00000, 0x000000008cc00000, 0x000000008cc00000|100%| O|  |TAMS 0x000000008cb00000, 0x000000008cb00000| Untracked 
| 204|0x000000008cc00000, 0x000000008cd00000, 0x000000008cd00000|100%| O|  |TAMS 0x000000008cc00000, 0x000000008cc00000| Untracked 
| 205|0x000000008cd00000, 0x000000008ce00000, 0x000000008ce00000|100%| O|  |TAMS 0x000000008cd00000, 0x000000008cd00000| Untracked 
| 206|0x000000008ce00000, 0x000000008cf00000, 0x000000008cf00000|100%| O|  |TAMS 0x000000008ce00000, 0x000000008ce00000| Untracked 
| 207|0x000000008cf00000, 0x000000008d000000, 0x000000008d000000|100%| O|  |TAMS 0x000000008cf00000, 0x000000008cf00000| Untracked 
| 208|0x000000008d000000, 0x000000008d100000, 0x000000008d100000|100%| O|  |TAMS 0x000000008d000000, 0x000000008d000000| Untracked 
| 209|0x000000008d100000, 0x000000008d200000, 0x000000008d200000|100%| O|  |TAMS 0x000000008d100000, 0x000000008d100000| Untracked 
| 210|0x000000008d200000, 0x000000008d300000, 0x000000008d300000|100%| O|  |TAMS 0x000000008d200000, 0x000000008d200000| Untracked 
| 211|0x000000008d300000, 0x000000008d400000, 0x000000008d400000|100%| O|  |TAMS 0x000000008d300000, 0x000000008d300000| Untracked 
| 212|0x000000008d400000, 0x000000008d500000, 0x000000008d500000|100%| O|  |TAMS 0x000000008d400000, 0x000000008d400000| Untracked 
| 213|0x000000008d500000, 0x000000008d600000, 0x000000008d600000|100%| O|  |TAMS 0x000000008d500000, 0x000000008d500000| Untracked 
| 214|0x000000008d600000, 0x000000008d700000, 0x000000008d700000|100%| O|  |TAMS 0x000000008d600000, 0x000000008d600000| Untracked 
| 215|0x000000008d700000, 0x000000008d800000, 0x000000008d800000|100%| O|  |TAMS 0x000000008d700000, 0x000000008d700000| Untracked 
| 216|0x000000008d800000, 0x000000008d900000, 0x000000008d900000|100%| O|  |TAMS 0x000000008d800000, 0x000000008d800000| Untracked 
| 217|0x000000008d900000, 0x000000008da00000, 0x000000008da00000|100%| O|  |TAMS 0x000000008d900000, 0x000000008d900000| Untracked 
| 218|0x000000008da00000, 0x000000008db00000, 0x000000008db00000|100%| O|  |TAMS 0x000000008da00000, 0x000000008da00000| Untracked 
| 219|0x000000008db00000, 0x000000008dc00000, 0x000000008dc00000|100%| O|  |TAMS 0x000000008db00000, 0x000000008db00000| Untracked 
| 220|0x000000008dc00000, 0x000000008dd00000, 0x000000008dd00000|100%| O|  |TAMS 0x000000008dc00000, 0x000000008dc00000| Untracked 
| 221|0x000000008dd00000, 0x000000008de00000, 0x000000008de00000|100%| O|  |TAMS 0x000000008dd00000, 0x000000008dd00000| Untracked 
| 222|0x000000008de00000, 0x000000008df00000, 0x000000008df00000|100%| O|  |TAMS 0x000000008de00000, 0x000000008de00000| Untracked 
| 223|0x000000008df00000, 0x000000008e000000, 0x000000008e000000|100%| O|  |TAMS 0x000000008df00000, 0x000000008df00000| Untracked 
| 224|0x000000008e000000, 0x000000008e100000, 0x000000008e100000|100%| O|  |TAMS 0x000000008e000000, 0x000000008e000000| Untracked 
| 225|0x000000008e100000, 0x000000008e200000, 0x000000008e200000|100%| O|  |TAMS 0x000000008e100000, 0x000000008e100000| Untracked 
| 226|0x000000008e200000, 0x000000008e300000, 0x000000008e300000|100%| O|  |TAMS 0x000000008e200000, 0x000000008e200000| Untracked 
| 227|0x000000008e300000, 0x000000008e400000, 0x000000008e400000|100%| O|  |TAMS 0x000000008e300000, 0x000000008e300000| Untracked 
| 228|0x000000008e400000, 0x000000008e500000, 0x000000008e500000|100%| O|  |TAMS 0x000000008e400000, 0x000000008e400000| Untracked 
| 229|0x000000008e500000, 0x000000008e600000, 0x000000008e600000|100%| O|  |TAMS 0x000000008e500000, 0x000000008e500000| Untracked 
| 230|0x000000008e600000, 0x000000008e700000, 0x000000008e700000|100%| O|  |TAMS 0x000000008e600000, 0x000000008e600000| Untracked 
| 231|0x000000008e700000, 0x000000008e800000, 0x000000008e800000|100%| O|  |TAMS 0x000000008e700000, 0x000000008e700000| Untracked 
| 232|0x000000008e800000, 0x000000008e900000, 0x000000008e900000|100%| O|  |TAMS 0x000000008e800000, 0x000000008e800000| Untracked 
| 233|0x000000008e900000, 0x000000008ea00000, 0x000000008ea00000|100%| O|  |TAMS 0x000000008e900000, 0x000000008e900000| Untracked 
| 234|0x000000008ea00000, 0x000000008eb00000, 0x000000008eb00000|100%| O|  |TAMS 0x000000008ea00000, 0x000000008ea00000| Untracked 
| 235|0x000000008eb00000, 0x000000008ec00000, 0x000000008ec00000|100%| O|  |TAMS 0x000000008eb00000, 0x000000008eb00000| Untracked 
| 236|0x000000008ec00000, 0x000000008ed00000, 0x000000008ed00000|100%| O|  |TAMS 0x000000008ec00000, 0x000000008ec00000| Untracked 
| 237|0x000000008ed00000, 0x000000008ee00000, 0x000000008ee00000|100%| O|  |TAMS 0x000000008ed00000, 0x000000008ed00000| Untracked 
| 238|0x000000008ee00000, 0x000000008ef00000, 0x000000008ef00000|100%| O|  |TAMS 0x000000008ee00000, 0x000000008ee00000| Untracked 
| 239|0x000000008ef00000, 0x000000008f000000, 0x000000008f000000|100%| O|  |TAMS 0x000000008ef00000, 0x000000008ef00000| Untracked 
| 240|0x000000008f000000, 0x000000008f100000, 0x000000008f100000|100%| O|  |TAMS 0x000000008f000000, 0x000000008f000000| Untracked 
| 241|0x000000008f100000, 0x000000008f200000, 0x000000008f200000|100%| O|  |TAMS 0x000000008f100000, 0x000000008f100000| Untracked 
| 242|0x000000008f200000, 0x000000008f300000, 0x000000008f300000|100%| O|  |TAMS 0x000000008f200000, 0x000000008f200000| Untracked 
| 243|0x000000008f300000, 0x000000008f400000, 0x000000008f400000|100%| O|  |TAMS 0x000000008f300000, 0x000000008f300000| Untracked 
| 244|0x000000008f400000, 0x000000008f500000, 0x000000008f500000|100%| O|  |TAMS 0x000000008f400000, 0x000000008f400000| Untracked 
| 245|0x000000008f500000, 0x000000008f600000, 0x000000008f600000|100%| O|  |TAMS 0x000000008f500000, 0x000000008f500000| Untracked 
| 246|0x000000008f600000, 0x000000008f700000, 0x000000008f700000|100%| O|  |TAMS 0x000000008f600000, 0x000000008f600000| Untracked 
| 247|0x000000008f700000, 0x000000008f800000, 0x000000008f800000|100%| O|  |TAMS 0x000000008f700000, 0x000000008f700000| Untracked 
| 248|0x000000008f800000, 0x000000008f900000, 0x000000008f900000|100%| O|  |TAMS 0x000000008f800000, 0x000000008f800000| Untracked 
| 249|0x000000008f900000, 0x000000008fa00000, 0x000000008fa00000|100%| O|  |TAMS 0x000000008f900000, 0x000000008f900000| Untracked 
| 250|0x000000008fa00000, 0x000000008fb00000, 0x000000008fb00000|100%| O|  |TAMS 0x000000008fa00000, 0x000000008fa00000| Untracked 
| 251|0x000000008fb00000, 0x000000008fc00000, 0x000000008fc00000|100%| O|  |TAMS 0x000000008fb00000, 0x000000008fb00000| Untracked 
| 252|0x000000008fc00000, 0x000000008fd00000, 0x000000008fd00000|100%| O|  |TAMS 0x000000008fc00000, 0x000000008fc00000| Untracked 
| 253|0x000000008fd00000, 0x000000008fe00000, 0x000000008fe00000|100%| O|  |TAMS 0x000000008fd00000, 0x000000008fd00000| Untracked 
| 254|0x000000008fe00000, 0x000000008ff00000, 0x000000008ff00000|100%| O|  |TAMS 0x000000008fe00000, 0x000000008fe00000| Untracked 
| 255|0x000000008ff00000, 0x0000000090000000, 0x0000000090000000|100%| O|  |TAMS 0x000000008ff00000, 0x000000008ff00000| Untracked 
| 256|0x0000000090000000, 0x0000000090100000, 0x0000000090100000|100%| O|  |TAMS 0x0000000090000000, 0x0000000090000000| Untracked 
| 257|0x0000000090100000, 0x0000000090200000, 0x0000000090200000|100%| O|  |TAMS 0x0000000090100000, 0x0000000090100000| Untracked 
| 258|0x0000000090200000, 0x0000000090300000, 0x0000000090300000|100%| O|  |TAMS 0x0000000090200000, 0x0000000090200000| Untracked 
| 259|0x0000000090300000, 0x0000000090400000, 0x0000000090400000|100%| O|  |TAMS 0x0000000090300000, 0x0000000090300000| Untracked 
| 260|0x0000000090400000, 0x0000000090500000, 0x0000000090500000|100%| O|  |TAMS 0x0000000090400000, 0x0000000090400000| Untracked 
| 261|0x0000000090500000, 0x0000000090600000, 0x0000000090600000|100%| O|  |TAMS 0x0000000090500000, 0x0000000090500000| Untracked 
| 262|0x0000000090600000, 0x0000000090700000, 0x0000000090700000|100%| O|  |TAMS 0x0000000090600000, 0x0000000090600000| Untracked 
| 263|0x0000000090700000, 0x0000000090800000, 0x0000000090800000|100%| O|  |TAMS 0x0000000090700000, 0x0000000090700000| Untracked 
| 264|0x0000000090800000, 0x0000000090900000, 0x0000000090900000|100%| O|  |TAMS 0x0000000090800000, 0x0000000090800000| Untracked 
| 265|0x0000000090900000, 0x0000000090a00000, 0x0000000090a00000|100%| O|  |TAMS 0x0000000090900000, 0x0000000090900000| Untracked 
| 266|0x0000000090a00000, 0x0000000090b00000, 0x0000000090b00000|100%| O|  |TAMS 0x0000000090a00000, 0x0000000090a00000| Untracked 
| 267|0x0000000090b00000, 0x0000000090c00000, 0x0000000090c00000|100%| O|  |TAMS 0x0000000090b00000, 0x0000000090b00000| Untracked 
| 268|0x0000000090c00000, 0x0000000090d00000, 0x0000000090d00000|100%| O|  |TAMS 0x0000000090c00000, 0x0000000090c00000| Untracked 
| 269|0x0000000090d00000, 0x0000000090e00000, 0x0000000090e00000|100%| O|  |TAMS 0x0000000090d00000, 0x0000000090d00000| Untracked 
| 270|0x0000000090e00000, 0x0000000090f00000, 0x0000000090f00000|100%| O|  |TAMS 0x0000000090e00000, 0x0000000090e00000| Untracked 
| 271|0x0000000090f00000, 0x0000000091000000, 0x0000000091000000|100%| O|  |TAMS 0x0000000090f00000, 0x0000000090f00000| Untracked 
| 272|0x0000000091000000, 0x0000000091100000, 0x0000000091100000|100%| O|  |TAMS 0x0000000091000000, 0x0000000091000000| Untracked 
| 273|0x0000000091100000, 0x0000000091200000, 0x0000000091200000|100%| O|  |TAMS 0x0000000091100000, 0x0000000091100000| Untracked 
| 274|0x0000000091200000, 0x0000000091300000, 0x0000000091300000|100%| O|  |TAMS 0x0000000091200000, 0x0000000091200000| Untracked 
| 275|0x0000000091300000, 0x0000000091400000, 0x0000000091400000|100%| O|  |TAMS 0x0000000091300000, 0x0000000091300000| Untracked 
| 276|0x0000000091400000, 0x0000000091500000, 0x0000000091500000|100%| O|  |TAMS 0x0000000091400000, 0x0000000091400000| Untracked 
| 277|0x0000000091500000, 0x0000000091600000, 0x0000000091600000|100%| O|  |TAMS 0x0000000091500000, 0x0000000091500000| Untracked 
| 278|0x0000000091600000, 0x0000000091700000, 0x0000000091700000|100%| O|  |TAMS 0x0000000091600000, 0x0000000091600000| Untracked 
| 279|0x0000000091700000, 0x0000000091800000, 0x0000000091800000|100%| O|  |TAMS 0x0000000091700000, 0x0000000091700000| Untracked 
| 280|0x0000000091800000, 0x0000000091900000, 0x0000000091900000|100%| O|  |TAMS 0x0000000091800000, 0x0000000091800000| Untracked 
| 281|0x0000000091900000, 0x0000000091a00000, 0x0000000091a00000|100%| O|  |TAMS 0x0000000091900000, 0x0000000091900000| Untracked 
| 282|0x0000000091a00000, 0x0000000091b00000, 0x0000000091b00000|100%| O|  |TAMS 0x0000000091a00000, 0x0000000091a00000| Untracked 
| 283|0x0000000091b00000, 0x0000000091c00000, 0x0000000091c00000|100%| O|  |TAMS 0x0000000091b00000, 0x0000000091b00000| Untracked 
| 284|0x0000000091c00000, 0x0000000091d00000, 0x0000000091d00000|100%| O|  |TAMS 0x0000000091c00000, 0x0000000091c00000| Untracked 
| 285|0x0000000091d00000, 0x0000000091e00000, 0x0000000091e00000|100%| O|  |TAMS 0x0000000091d00000, 0x0000000091d00000| Untracked 
| 286|0x0000000091e00000, 0x0000000091f00000, 0x0000000091f00000|100%| O|  |TAMS 0x0000000091e00000, 0x0000000091e00000| Untracked 
| 287|0x0000000091f00000, 0x0000000092000000, 0x0000000092000000|100%| O|  |TAMS 0x0000000091f00000, 0x0000000091f00000| Untracked 
| 288|0x0000000092000000, 0x0000000092100000, 0x0000000092100000|100%| O|  |TAMS 0x0000000092000000, 0x0000000092000000| Untracked 
| 289|0x0000000092100000, 0x0000000092200000, 0x0000000092200000|100%| O|  |TAMS 0x0000000092100000, 0x0000000092100000| Untracked 
| 290|0x0000000092200000, 0x0000000092300000, 0x0000000092300000|100%| O|  |TAMS 0x0000000092200000, 0x0000000092200000| Untracked 
| 291|0x0000000092300000, 0x0000000092400000, 0x0000000092400000|100%| O|  |TAMS 0x0000000092300000, 0x0000000092300000| Untracked 
| 292|0x0000000092400000, 0x0000000092500000, 0x0000000092500000|100%| O|  |TAMS 0x0000000092400000, 0x0000000092400000| Untracked 
| 293|0x0000000092500000, 0x0000000092600000, 0x0000000092600000|100%| O|  |TAMS 0x0000000092500000, 0x0000000092500000| Untracked 
| 294|0x0000000092600000, 0x0000000092700000, 0x0000000092700000|100%| O|  |TAMS 0x0000000092600000, 0x0000000092600000| Untracked 
| 295|0x0000000092700000, 0x0000000092800000, 0x0000000092800000|100%| O|  |TAMS 0x0000000092700000, 0x0000000092700000| Untracked 
| 296|0x0000000092800000, 0x0000000092900000, 0x0000000092900000|100%| O|  |TAMS 0x0000000092800000, 0x0000000092800000| Untracked 
| 297|0x0000000092900000, 0x0000000092a00000, 0x0000000092a00000|100%| O|  |TAMS 0x0000000092900000, 0x0000000092900000| Untracked 
| 298|0x0000000092a00000, 0x0000000092b00000, 0x0000000092b00000|100%| O|  |TAMS 0x0000000092a00000, 0x0000000092a00000| Untracked 
| 299|0x0000000092b00000, 0x0000000092c00000, 0x0000000092c00000|100%| O|  |TAMS 0x0000000092b00000, 0x0000000092b00000| Untracked 
| 300|0x0000000092c00000, 0x0000000092d00000, 0x0000000092d00000|100%|HS|  |TAMS 0x0000000092c00000, 0x0000000092c00000| Complete 
| 301|0x0000000092d00000, 0x0000000092e00000, 0x0000000092e00000|100%|HS|  |TAMS 0x0000000092d00000, 0x0000000092d00000| Complete 
| 302|0x0000000092e00000, 0x0000000092f00000, 0x0000000092f00000|100%| O|  |TAMS 0x0000000092e00000, 0x0000000092e00000| Untracked 
| 303|0x0000000092f00000, 0x0000000093000000, 0x0000000093000000|100%| O|  |TAMS 0x0000000092f00000, 0x0000000092f00000| Untracked 
| 304|0x0000000093000000, 0x0000000093100000, 0x0000000093100000|100%| O|  |TAMS 0x0000000093000000, 0x0000000093000000| Untracked 
| 305|0x0000000093100000, 0x0000000093200000, 0x0000000093200000|100%| O|  |TAMS 0x0000000093100000, 0x0000000093100000| Untracked 
| 306|0x0000000093200000, 0x0000000093300000, 0x0000000093300000|100%| O|  |TAMS 0x0000000093200000, 0x0000000093200000| Untracked 
| 307|0x0000000093300000, 0x0000000093400000, 0x0000000093400000|100%| O|  |TAMS 0x0000000093300000, 0x0000000093300000| Untracked 
| 308|0x0000000093400000, 0x0000000093500000, 0x0000000093500000|100%| O|  |TAMS 0x0000000093400000, 0x0000000093400000| Untracked 
| 309|0x0000000093500000, 0x0000000093600000, 0x0000000093600000|100%| O|  |TAMS 0x0000000093500000, 0x0000000093500000| Untracked 
| 310|0x0000000093600000, 0x0000000093700000, 0x0000000093700000|100%| O|  |TAMS 0x0000000093600000, 0x0000000093600000| Untracked 
| 311|0x0000000093700000, 0x0000000093800000, 0x0000000093800000|100%| O|  |TAMS 0x0000000093700000, 0x0000000093700000| Untracked 
| 312|0x0000000093800000, 0x0000000093900000, 0x0000000093900000|100%| O|  |TAMS 0x0000000093800000, 0x0000000093800000| Untracked 
| 313|0x0000000093900000, 0x0000000093a00000, 0x0000000093a00000|100%| O|  |TAMS 0x0000000093900000, 0x0000000093900000| Untracked 
| 314|0x0000000093a00000, 0x0000000093b00000, 0x0000000093b00000|100%| O|  |TAMS 0x0000000093a00000, 0x0000000093a00000| Untracked 
| 315|0x0000000093b00000, 0x0000000093c00000, 0x0000000093c00000|100%| O|  |TAMS 0x0000000093b00000, 0x0000000093b00000| Untracked 
| 316|0x0000000093c00000, 0x0000000093d00000, 0x0000000093d00000|100%| O|  |TAMS 0x0000000093c00000, 0x0000000093c00000| Untracked 
| 317|0x0000000093d00000, 0x0000000093e00000, 0x0000000093e00000|100%|HS|  |TAMS 0x0000000093d00000, 0x0000000093d00000| Complete 
| 318|0x0000000093e00000, 0x0000000093f00000, 0x0000000093f00000|100%|HC|  |TAMS 0x0000000093e00000, 0x0000000093e00000| Complete 
| 319|0x0000000093f00000, 0x0000000094000000, 0x0000000094000000|100%|HS|  |TAMS 0x0000000093f00000, 0x0000000093f00000| Complete 
| 320|0x0000000094000000, 0x0000000094100000, 0x0000000094100000|100%|HS|  |TAMS 0x0000000094000000, 0x0000000094000000| Complete 
| 321|0x0000000094100000, 0x0000000094200000, 0x0000000094200000|100%|HC|  |TAMS 0x0000000094100000, 0x0000000094100000| Complete 
| 322|0x0000000094200000, 0x0000000094300000, 0x0000000094300000|100%| O|  |TAMS 0x0000000094200000, 0x0000000094200000| Untracked 
| 323|0x0000000094300000, 0x0000000094400000, 0x0000000094400000|100%| O|  |TAMS 0x0000000094300000, 0x0000000094300000| Untracked 
| 324|0x0000000094400000, 0x0000000094500000, 0x0000000094500000|100%| O|  |TAMS 0x0000000094400000, 0x0000000094400000| Untracked 
| 325|0x0000000094500000, 0x0000000094600000, 0x0000000094600000|100%| O|  |TAMS 0x0000000094500000, 0x0000000094500000| Untracked 
| 326|0x0000000094600000, 0x0000000094700000, 0x0000000094700000|100%| O|  |TAMS 0x0000000094600000, 0x0000000094600000| Untracked 
| 327|0x0000000094700000, 0x0000000094800000, 0x0000000094800000|100%| O|  |TAMS 0x0000000094700000, 0x0000000094700000| Untracked 
| 328|0x0000000094800000, 0x0000000094900000, 0x0000000094900000|100%| O|  |TAMS 0x0000000094800000, 0x0000000094800000| Untracked 
| 329|0x0000000094900000, 0x0000000094a00000, 0x0000000094a00000|100%| O|  |TAMS 0x0000000094900000, 0x0000000094900000| Untracked 
| 330|0x0000000094a00000, 0x0000000094b00000, 0x0000000094b00000|100%| O|  |TAMS 0x0000000094a00000, 0x0000000094a00000| Untracked 
| 331|0x0000000094b00000, 0x0000000094c00000, 0x0000000094c00000|100%| O|  |TAMS 0x0000000094b00000, 0x0000000094b00000| Untracked 
| 332|0x0000000094c00000, 0x0000000094d00000, 0x0000000094d00000|100%| O|  |TAMS 0x0000000094c00000, 0x0000000094c00000| Untracked 
| 333|0x0000000094d00000, 0x0000000094e00000, 0x0000000094e00000|100%| O|  |TAMS 0x0000000094d00000, 0x0000000094d00000| Untracked 
| 334|0x0000000094e00000, 0x0000000094f00000, 0x0000000094f00000|100%|HS|  |TAMS 0x0000000094e00000, 0x0000000094e00000| Complete 
| 335|0x0000000094f00000, 0x0000000095000000, 0x0000000095000000|100%|HS|  |TAMS 0x0000000094f00000, 0x0000000094f00000| Complete 
| 336|0x0000000095000000, 0x0000000095100000, 0x0000000095100000|100%|HS|  |TAMS 0x0000000095000000, 0x0000000095000000| Complete 
| 337|0x0000000095100000, 0x0000000095200000, 0x0000000095200000|100%|HC|  |TAMS 0x0000000095100000, 0x0000000095100000| Complete 
| 338|0x0000000095200000, 0x0000000095300000, 0x0000000095300000|100%| O|  |TAMS 0x0000000095200000, 0x0000000095200000| Untracked 
| 339|0x0000000095300000, 0x0000000095400000, 0x0000000095400000|100%| O|  |TAMS 0x0000000095300000, 0x0000000095300000| Untracked 
| 340|0x0000000095400000, 0x0000000095500000, 0x0000000095500000|100%| O|  |TAMS 0x0000000095400000, 0x0000000095400000| Untracked 
| 341|0x0000000095500000, 0x0000000095600000, 0x0000000095600000|100%| O|  |TAMS 0x0000000095500000, 0x0000000095500000| Untracked 
| 342|0x0000000095600000, 0x0000000095700000, 0x0000000095700000|100%|HS|  |TAMS 0x0000000095600000, 0x0000000095600000| Complete 
| 343|0x0000000095700000, 0x0000000095800000, 0x0000000095800000|100%|HS|  |TAMS 0x0000000095700000, 0x0000000095700000| Complete 
| 344|0x0000000095800000, 0x0000000095900000, 0x0000000095900000|100%|HS|  |TAMS 0x0000000095800000, 0x0000000095800000| Complete 
| 345|0x0000000095900000, 0x0000000095a00000, 0x0000000095a00000|100%|HC|  |TAMS 0x0000000095900000, 0x0000000095900000| Complete 
| 346|0x0000000095a00000, 0x0000000095b00000, 0x0000000095b00000|100%|HS|  |TAMS 0x0000000095a00000, 0x0000000095a00000| Complete 
| 347|0x0000000095b00000, 0x0000000095c00000, 0x0000000095c00000|100%| O|  |TAMS 0x0000000095b00000, 0x0000000095b00000| Untracked 
| 348|0x0000000095c00000, 0x0000000095d00000, 0x0000000095d00000|100%| O|  |TAMS 0x0000000095c00000, 0x0000000095c00000| Untracked 
| 349|0x0000000095d00000, 0x0000000095e00000, 0x0000000095e00000|100%| O|  |TAMS 0x0000000095d00000, 0x0000000095d00000| Untracked 
| 350|0x0000000095e00000, 0x0000000095f00000, 0x0000000095f00000|100%| O|  |TAMS 0x0000000095e00000, 0x0000000095e00000| Untracked 
| 351|0x0000000095f00000, 0x0000000096000000, 0x0000000096000000|100%| O|  |TAMS 0x0000000095f00000, 0x0000000095f00000| Untracked 
| 352|0x0000000096000000, 0x0000000096100000, 0x0000000096100000|100%|HS|  |TAMS 0x0000000096000000, 0x0000000096000000| Complete 
| 353|0x0000000096100000, 0x0000000096200000, 0x0000000096200000|100%|HS|  |TAMS 0x0000000096100000, 0x0000000096100000| Complete 
| 354|0x0000000096200000, 0x0000000096300000, 0x0000000096300000|100%| O|  |TAMS 0x0000000096200000, 0x0000000096200000| Untracked 
| 355|0x0000000096300000, 0x0000000096400000, 0x0000000096400000|100%| O|  |TAMS 0x0000000096300000, 0x0000000096300000| Untracked 
| 356|0x0000000096400000, 0x0000000096500000, 0x0000000096500000|100%| O|  |TAMS 0x0000000096400000, 0x0000000096400000| Untracked 
| 357|0x0000000096500000, 0x0000000096600000, 0x0000000096600000|100%|HS|  |TAMS 0x0000000096500000, 0x0000000096500000| Complete 
| 358|0x0000000096600000, 0x0000000096700000, 0x0000000096700000|100%|HS|  |TAMS 0x0000000096600000, 0x0000000096600000| Complete 
| 359|0x0000000096700000, 0x0000000096800000, 0x0000000096800000|100%|HC|  |TAMS 0x0000000096700000, 0x0000000096700000| Complete 
| 360|0x0000000096800000, 0x0000000096900000, 0x0000000096900000|100%|HS|  |TAMS 0x0000000096800000, 0x0000000096800000| Complete 
| 361|0x0000000096900000, 0x0000000096a00000, 0x0000000096a00000|100%|HS|  |TAMS 0x0000000096900000, 0x0000000096900000| Complete 
| 362|0x0000000096a00000, 0x0000000096b00000, 0x0000000096b00000|100%|HS|  |TAMS 0x0000000096a00000, 0x0000000096a00000| Complete 
| 363|0x0000000096b00000, 0x0000000096c00000, 0x0000000096c00000|100%|HS|  |TAMS 0x0000000096b00000, 0x0000000096b00000| Complete 
| 364|0x0000000096c00000, 0x0000000096d00000, 0x0000000096d00000|100%|HC|  |TAMS 0x0000000096c00000, 0x0000000096c00000| Complete 
| 365|0x0000000096d00000, 0x0000000096e00000, 0x0000000096e00000|100%| O|  |TAMS 0x0000000096d00000, 0x0000000096d00000| Untracked 
| 366|0x0000000096e00000, 0x0000000096f00000, 0x0000000096f00000|100%| O|  |TAMS 0x0000000096e00000, 0x0000000096e00000| Untracked 
| 367|0x0000000096f00000, 0x0000000097000000, 0x0000000097000000|100%| O|  |TAMS 0x0000000096f00000, 0x0000000096f00000| Untracked 
| 368|0x0000000097000000, 0x0000000097100000, 0x0000000097100000|100%| O|  |TAMS 0x0000000097000000, 0x0000000097000000| Untracked 
| 369|0x0000000097100000, 0x0000000097200000, 0x0000000097200000|100%|HS|  |TAMS 0x0000000097100000, 0x0000000097100000| Complete 
| 370|0x0000000097200000, 0x0000000097300000, 0x0000000097300000|100%|HC|  |TAMS 0x0000000097200000, 0x0000000097200000| Complete 
| 371|0x0000000097300000, 0x0000000097400000, 0x0000000097400000|100%|HC|  |TAMS 0x0000000097300000, 0x0000000097300000| Complete 
| 372|0x0000000097400000, 0x0000000097500000, 0x0000000097500000|100%|HC|  |TAMS 0x0000000097400000, 0x0000000097400000| Complete 
| 373|0x0000000097500000, 0x0000000097600000, 0x0000000097600000|100%|HC|  |TAMS 0x0000000097500000, 0x0000000097500000| Complete 
| 374|0x0000000097600000, 0x0000000097700000, 0x0000000097700000|100%|HC|  |TAMS 0x0000000097600000, 0x0000000097600000| Complete 
| 375|0x0000000097700000, 0x0000000097800000, 0x0000000097800000|100%|HC|  |TAMS 0x0000000097700000, 0x0000000097700000| Complete 
| 376|0x0000000097800000, 0x0000000097900000, 0x0000000097900000|100%|HC|  |TAMS 0x0000000097800000, 0x0000000097800000| Complete 
| 377|0x0000000097900000, 0x0000000097a00000, 0x0000000097a00000|100%|HC|  |TAMS 0x0000000097900000, 0x0000000097900000| Complete 
| 378|0x0000000097a00000, 0x0000000097b00000, 0x0000000097b00000|100%|HC|  |TAMS 0x0000000097a00000, 0x0000000097a00000| Complete 
| 379|0x0000000097b00000, 0x0000000097c00000, 0x0000000097c00000|100%|HC|  |TAMS 0x0000000097b00000, 0x0000000097b00000| Complete 
| 380|0x0000000097c00000, 0x0000000097d00000, 0x0000000097d00000|100%| O|  |TAMS 0x0000000097c00000, 0x0000000097c00000| Untracked 
| 381|0x0000000097d00000, 0x0000000097e00000, 0x0000000097e00000|100%| O|  |TAMS 0x0000000097d00000, 0x0000000097d00000| Untracked 
| 382|0x0000000097e00000, 0x0000000097f00000, 0x0000000097f00000|100%| O|  |TAMS 0x0000000097e00000, 0x0000000097e00000| Untracked 
| 383|0x0000000097f00000, 0x0000000098000000, 0x0000000098000000|100%| O|  |TAMS 0x0000000097f00000, 0x0000000097f00000| Untracked 
| 384|0x0000000098000000, 0x0000000098100000, 0x0000000098100000|100%| O|  |TAMS 0x0000000098000000, 0x0000000098000000| Untracked 
| 385|0x0000000098100000, 0x0000000098200000, 0x0000000098200000|100%| O|  |TAMS 0x0000000098100000, 0x0000000098100000| Untracked 
| 386|0x0000000098200000, 0x0000000098300000, 0x0000000098300000|100%| O|  |TAMS 0x0000000098200000, 0x0000000098200000| Untracked 
| 387|0x0000000098300000, 0x0000000098400000, 0x0000000098400000|100%| O|  |TAMS 0x0000000098300000, 0x0000000098300000| Untracked 
| 388|0x0000000098400000, 0x0000000098500000, 0x0000000098500000|100%| O|  |TAMS 0x0000000098400000, 0x0000000098400000| Untracked 
| 389|0x0000000098500000, 0x0000000098600000, 0x0000000098600000|100%| O|  |TAMS 0x0000000098500000, 0x0000000098500000| Untracked 
| 390|0x0000000098600000, 0x0000000098700000, 0x0000000098700000|100%| O|  |TAMS 0x0000000098600000, 0x0000000098600000| Untracked 
| 391|0x0000000098700000, 0x0000000098800000, 0x0000000098800000|100%| O|  |TAMS 0x0000000098700000, 0x0000000098700000| Untracked 
| 392|0x0000000098800000, 0x0000000098900000, 0x0000000098900000|100%| O|  |TAMS 0x0000000098800000, 0x0000000098800000| Untracked 
| 393|0x0000000098900000, 0x0000000098a00000, 0x0000000098a00000|100%| O|  |TAMS 0x0000000098900000, 0x0000000098900000| Untracked 
| 394|0x0000000098a00000, 0x0000000098b00000, 0x0000000098b00000|100%| O|  |TAMS 0x0000000098a00000, 0x0000000098a00000| Untracked 
| 395|0x0000000098b00000, 0x0000000098c00000, 0x0000000098c00000|100%| O|  |TAMS 0x0000000098b00000, 0x0000000098b00000| Untracked 
| 396|0x0000000098c00000, 0x0000000098d00000, 0x0000000098d00000|100%| O|  |TAMS 0x0000000098c00000, 0x0000000098c00000| Untracked 
| 397|0x0000000098d00000, 0x0000000098e00000, 0x0000000098e00000|100%| O|  |TAMS 0x0000000098d00000, 0x0000000098d00000| Untracked 
| 398|0x0000000098e00000, 0x0000000098f00000, 0x0000000098f00000|100%| O|  |TAMS 0x0000000098e00000, 0x0000000098e00000| Untracked 
| 399|0x0000000098f00000, 0x0000000099000000, 0x0000000099000000|100%| O|  |TAMS 0x0000000098f00000, 0x0000000098f00000| Untracked 
| 400|0x0000000099000000, 0x0000000099100000, 0x0000000099100000|100%| O|  |TAMS 0x0000000099000000, 0x0000000099000000| Untracked 
| 401|0x0000000099100000, 0x0000000099200000, 0x0000000099200000|100%| O|  |TAMS 0x0000000099100000, 0x0000000099100000| Untracked 
| 402|0x0000000099200000, 0x0000000099300000, 0x0000000099300000|100%| O|  |TAMS 0x0000000099200000, 0x0000000099200000| Untracked 
| 403|0x0000000099300000, 0x0000000099400000, 0x0000000099400000|100%| O|  |TAMS 0x0000000099300000, 0x0000000099300000| Untracked 
| 404|0x0000000099400000, 0x0000000099500000, 0x0000000099500000|100%| O|  |TAMS 0x0000000099400000, 0x0000000099400000| Untracked 
| 405|0x0000000099500000, 0x0000000099600000, 0x0000000099600000|100%| O|  |TAMS 0x0000000099500000, 0x0000000099500000| Untracked 
| 406|0x0000000099600000, 0x0000000099700000, 0x0000000099700000|100%| O|  |TAMS 0x0000000099600000, 0x0000000099600000| Untracked 
| 407|0x0000000099700000, 0x0000000099800000, 0x0000000099800000|100%| O|  |TAMS 0x0000000099700000, 0x0000000099700000| Untracked 
| 408|0x0000000099800000, 0x0000000099900000, 0x0000000099900000|100%| O|  |TAMS 0x0000000099800000, 0x0000000099800000| Untracked 
| 409|0x0000000099900000, 0x0000000099a00000, 0x0000000099a00000|100%| O|  |TAMS 0x0000000099900000, 0x0000000099900000| Untracked 
| 410|0x0000000099a00000, 0x0000000099b00000, 0x0000000099b00000|100%| O|  |TAMS 0x0000000099a00000, 0x0000000099a00000| Untracked 
| 411|0x0000000099b00000, 0x0000000099c00000, 0x0000000099c00000|100%| O|  |TAMS 0x0000000099b00000, 0x0000000099b00000| Untracked 
| 412|0x0000000099c00000, 0x0000000099d00000, 0x0000000099d00000|100%| O|  |TAMS 0x0000000099c00000, 0x0000000099c00000| Untracked 
| 413|0x0000000099d00000, 0x0000000099e00000, 0x0000000099e00000|100%| O|  |TAMS 0x0000000099d00000, 0x0000000099d00000| Untracked 
| 414|0x0000000099e00000, 0x0000000099f00000, 0x0000000099f00000|100%| O|  |TAMS 0x0000000099e00000, 0x0000000099e00000| Untracked 
| 415|0x0000000099f00000, 0x000000009a000000, 0x000000009a000000|100%| O|  |TAMS 0x0000000099f00000, 0x0000000099f00000| Untracked 
| 416|0x000000009a000000, 0x000000009a100000, 0x000000009a100000|100%| O|  |TAMS 0x000000009a000000, 0x000000009a000000| Untracked 
| 417|0x000000009a100000, 0x000000009a200000, 0x000000009a200000|100%| O|  |TAMS 0x000000009a100000, 0x000000009a100000| Untracked 
| 418|0x000000009a200000, 0x000000009a300000, 0x000000009a300000|100%| O|  |TAMS 0x000000009a200000, 0x000000009a200000| Untracked 
| 419|0x000000009a300000, 0x000000009a400000, 0x000000009a400000|100%| O|  |TAMS 0x000000009a300000, 0x000000009a300000| Untracked 
| 420|0x000000009a400000, 0x000000009a500000, 0x000000009a500000|100%| O|  |TAMS 0x000000009a400000, 0x000000009a400000| Untracked 
| 421|0x000000009a500000, 0x000000009a600000, 0x000000009a600000|100%| O|  |TAMS 0x000000009a500000, 0x000000009a500000| Untracked 
| 422|0x000000009a600000, 0x000000009a700000, 0x000000009a700000|100%| O|  |TAMS 0x000000009a600000, 0x000000009a600000| Untracked 
| 423|0x000000009a700000, 0x000000009a800000, 0x000000009a800000|100%| O|  |TAMS 0x000000009a700000, 0x000000009a700000| Untracked 
| 424|0x000000009a800000, 0x000000009a900000, 0x000000009a900000|100%| O|  |TAMS 0x000000009a800000, 0x000000009a800000| Untracked 
| 425|0x000000009a900000, 0x000000009aa00000, 0x000000009aa00000|100%| O|  |TAMS 0x000000009a900000, 0x000000009a900000| Untracked 
| 426|0x000000009aa00000, 0x000000009ab00000, 0x000000009ab00000|100%| O|  |TAMS 0x000000009aa00000, 0x000000009aa00000| Untracked 
| 427|0x000000009ab00000, 0x000000009ac00000, 0x000000009ac00000|100%| O|  |TAMS 0x000000009ab00000, 0x000000009ab00000| Untracked 
| 428|0x000000009ac00000, 0x000000009ad00000, 0x000000009ad00000|100%| O|  |TAMS 0x000000009ac00000, 0x000000009ac00000| Untracked 
| 429|0x000000009ad00000, 0x000000009ae00000, 0x000000009ae00000|100%| O|  |TAMS 0x000000009ad00000, 0x000000009ad00000| Untracked 
| 430|0x000000009ae00000, 0x000000009af00000, 0x000000009af00000|100%| O|  |TAMS 0x000000009ae00000, 0x000000009ae00000| Untracked 
| 431|0x000000009af00000, 0x000000009b000000, 0x000000009b000000|100%| O|  |TAMS 0x000000009af00000, 0x000000009af00000| Untracked 
| 432|0x000000009b000000, 0x000000009b100000, 0x000000009b100000|100%| O|  |TAMS 0x000000009b000000, 0x000000009b000000| Untracked 
| 433|0x000000009b100000, 0x000000009b200000, 0x000000009b200000|100%| O|  |TAMS 0x000000009b100000, 0x000000009b100000| Untracked 
| 434|0x000000009b200000, 0x000000009b300000, 0x000000009b300000|100%| O|  |TAMS 0x000000009b200000, 0x000000009b200000| Untracked 
| 435|0x000000009b300000, 0x000000009b400000, 0x000000009b400000|100%| O|  |TAMS 0x000000009b300000, 0x000000009b300000| Untracked 
| 436|0x000000009b400000, 0x000000009b500000, 0x000000009b500000|100%|HS|  |TAMS 0x000000009b400000, 0x000000009b400000| Complete 
| 437|0x000000009b500000, 0x000000009b600000, 0x000000009b600000|100%| O|  |TAMS 0x000000009b500000, 0x000000009b500000| Untracked 
| 438|0x000000009b600000, 0x000000009b700000, 0x000000009b700000|100%| O|  |TAMS 0x000000009b600000, 0x000000009b600000| Untracked 
| 439|0x000000009b700000, 0x000000009b800000, 0x000000009b800000|100%| O|  |TAMS 0x000000009b700000, 0x000000009b700000| Untracked 
| 440|0x000000009b800000, 0x000000009b900000, 0x000000009b900000|100%| O|  |TAMS 0x000000009b800000, 0x000000009b800000| Untracked 
| 441|0x000000009b900000, 0x000000009ba00000, 0x000000009ba00000|100%| O|  |TAMS 0x000000009b900000, 0x000000009b900000| Untracked 
| 442|0x000000009ba00000, 0x000000009bb00000, 0x000000009bb00000|100%| O|  |TAMS 0x000000009ba00000, 0x000000009ba00000| Untracked 
| 443|0x000000009bb00000, 0x000000009bc00000, 0x000000009bc00000|100%| O|  |TAMS 0x000000009bb00000, 0x000000009bb00000| Untracked 
| 444|0x000000009bc00000, 0x000000009bd00000, 0x000000009bd00000|100%| O|  |TAMS 0x000000009bc00000, 0x000000009bc00000| Untracked 
| 445|0x000000009bd00000, 0x000000009be00000, 0x000000009be00000|100%| O|  |TAMS 0x000000009bd00000, 0x000000009bd00000| Untracked 
| 446|0x000000009be00000, 0x000000009bf00000, 0x000000009bf00000|100%| O|  |TAMS 0x000000009be00000, 0x000000009be00000| Untracked 
| 447|0x000000009bf00000, 0x000000009c000000, 0x000000009c000000|100%| O|  |TAMS 0x000000009bf00000, 0x000000009bf00000| Untracked 
| 448|0x000000009c000000, 0x000000009c100000, 0x000000009c100000|100%| O|  |TAMS 0x000000009c000000, 0x000000009c000000| Untracked 
| 449|0x000000009c100000, 0x000000009c200000, 0x000000009c200000|100%| O|  |TAMS 0x000000009c100000, 0x000000009c100000| Untracked 
| 450|0x000000009c200000, 0x000000009c300000, 0x000000009c300000|100%| O|  |TAMS 0x000000009c200000, 0x000000009c200000| Untracked 
| 451|0x000000009c300000, 0x000000009c400000, 0x000000009c400000|100%| O|  |TAMS 0x000000009c300000, 0x000000009c300000| Untracked 
| 452|0x000000009c400000, 0x000000009c500000, 0x000000009c500000|100%| O|  |TAMS 0x000000009c400000, 0x000000009c400000| Untracked 
| 453|0x000000009c500000, 0x000000009c600000, 0x000000009c600000|100%| O|  |TAMS 0x000000009c500000, 0x000000009c500000| Untracked 
| 454|0x000000009c600000, 0x000000009c700000, 0x000000009c700000|100%| O|  |TAMS 0x000000009c600000, 0x000000009c600000| Untracked 
| 455|0x000000009c700000, 0x000000009c800000, 0x000000009c800000|100%| O|  |TAMS 0x000000009c700000, 0x000000009c700000| Untracked 
| 456|0x000000009c800000, 0x000000009c900000, 0x000000009c900000|100%| O|  |TAMS 0x000000009c800000, 0x000000009c800000| Untracked 
| 457|0x000000009c900000, 0x000000009ca00000, 0x000000009ca00000|100%| O|  |TAMS 0x000000009c900000, 0x000000009c900000| Untracked 
| 458|0x000000009ca00000, 0x000000009cb00000, 0x000000009cb00000|100%| O|  |TAMS 0x000000009ca00000, 0x000000009ca00000| Untracked 
| 459|0x000000009cb00000, 0x000000009cc00000, 0x000000009cc00000|100%| O|  |TAMS 0x000000009cb00000, 0x000000009cb00000| Untracked 
| 460|0x000000009cc00000, 0x000000009cd00000, 0x000000009cd00000|100%| O|  |TAMS 0x000000009cc00000, 0x000000009cc00000| Untracked 
| 461|0x000000009cd00000, 0x000000009ce00000, 0x000000009ce00000|100%| O|  |TAMS 0x000000009cd00000, 0x000000009cd00000| Untracked 
| 462|0x000000009ce00000, 0x000000009cf00000, 0x000000009cf00000|100%| O|  |TAMS 0x000000009ce00000, 0x000000009ce00000| Untracked 
| 463|0x000000009cf00000, 0x000000009d000000, 0x000000009d000000|100%| O|  |TAMS 0x000000009cf00000, 0x000000009cf00000| Untracked 
| 464|0x000000009d000000, 0x000000009d100000, 0x000000009d100000|100%| O|  |TAMS 0x000000009d000000, 0x000000009d000000| Untracked 
| 465|0x000000009d100000, 0x000000009d200000, 0x000000009d200000|100%| O|  |TAMS 0x000000009d100000, 0x000000009d100000| Untracked 
| 466|0x000000009d200000, 0x000000009d300000, 0x000000009d300000|100%| O|  |TAMS 0x000000009d200000, 0x000000009d200000| Untracked 
| 467|0x000000009d300000, 0x000000009d400000, 0x000000009d400000|100%| O|  |TAMS 0x000000009d300000, 0x000000009d300000| Untracked 
| 468|0x000000009d400000, 0x000000009d500000, 0x000000009d500000|100%| O|  |TAMS 0x000000009d400000, 0x000000009d400000| Untracked 
| 469|0x000000009d500000, 0x000000009d600000, 0x000000009d600000|100%| O|  |TAMS 0x000000009d500000, 0x000000009d500000| Untracked 
| 470|0x000000009d600000, 0x000000009d700000, 0x000000009d700000|100%| O|  |TAMS 0x000000009d600000, 0x000000009d600000| Untracked 
| 471|0x000000009d700000, 0x000000009d800000, 0x000000009d800000|100%| O|  |TAMS 0x000000009d700000, 0x000000009d700000| Untracked 
| 472|0x000000009d800000, 0x000000009d900000, 0x000000009d900000|100%| O|  |TAMS 0x000000009d800000, 0x000000009d800000| Untracked 
| 473|0x000000009d900000, 0x000000009da00000, 0x000000009da00000|100%| O|  |TAMS 0x000000009d900000, 0x000000009d900000| Untracked 
| 474|0x000000009da00000, 0x000000009db00000, 0x000000009db00000|100%| O|  |TAMS 0x000000009da00000, 0x000000009da00000| Untracked 
| 475|0x000000009db00000, 0x000000009dc00000, 0x000000009dc00000|100%| O|  |TAMS 0x000000009db00000, 0x000000009db00000| Untracked 
| 476|0x000000009dc00000, 0x000000009dd00000, 0x000000009dd00000|100%| O|  |TAMS 0x000000009dc00000, 0x000000009dc00000| Untracked 
| 477|0x000000009dd00000, 0x000000009de00000, 0x000000009de00000|100%| O|  |TAMS 0x000000009dd00000, 0x000000009dd00000| Untracked 
| 478|0x000000009de00000, 0x000000009df00000, 0x000000009df00000|100%| O|  |TAMS 0x000000009de00000, 0x000000009de00000| Untracked 
| 479|0x000000009df00000, 0x000000009e000000, 0x000000009e000000|100%| O|  |TAMS 0x000000009df00000, 0x000000009df00000| Untracked 
| 480|0x000000009e000000, 0x000000009e100000, 0x000000009e100000|100%| O|  |TAMS 0x000000009e000000, 0x000000009e000000| Untracked 
| 481|0x000000009e100000, 0x000000009e200000, 0x000000009e200000|100%| O|  |TAMS 0x000000009e100000, 0x000000009e100000| Untracked 
| 482|0x000000009e200000, 0x000000009e300000, 0x000000009e300000|100%| O|  |TAMS 0x000000009e200000, 0x000000009e200000| Untracked 
| 483|0x000000009e300000, 0x000000009e400000, 0x000000009e400000|100%| O|  |TAMS 0x000000009e300000, 0x000000009e300000| Untracked 
| 484|0x000000009e400000, 0x000000009e500000, 0x000000009e500000|100%| O|  |TAMS 0x000000009e400000, 0x000000009e400000| Untracked 
| 485|0x000000009e500000, 0x000000009e600000, 0x000000009e600000|100%| O|  |TAMS 0x000000009e500000, 0x000000009e500000| Untracked 
| 486|0x000000009e600000, 0x000000009e700000, 0x000000009e700000|100%| O|  |TAMS 0x000000009e600000, 0x000000009e600000| Untracked 
| 487|0x000000009e700000, 0x000000009e800000, 0x000000009e800000|100%| O|  |TAMS 0x000000009e700000, 0x000000009e700000| Untracked 
| 488|0x000000009e800000, 0x000000009e900000, 0x000000009e900000|100%| O|  |TAMS 0x000000009e800000, 0x000000009e800000| Untracked 
| 489|0x000000009e900000, 0x000000009ea00000, 0x000000009ea00000|100%| O|  |TAMS 0x000000009e900000, 0x000000009e900000| Untracked 
| 490|0x000000009ea00000, 0x000000009eb00000, 0x000000009eb00000|100%| O|  |TAMS 0x000000009ea00000, 0x000000009ea00000| Untracked 
| 491|0x000000009eb00000, 0x000000009ec00000, 0x000000009ec00000|100%| O|  |TAMS 0x000000009eb00000, 0x000000009eb00000| Untracked 
| 492|0x000000009ec00000, 0x000000009ed00000, 0x000000009ed00000|100%| O|  |TAMS 0x000000009ec00000, 0x000000009ec00000| Untracked 
| 493|0x000000009ed00000, 0x000000009ee00000, 0x000000009ee00000|100%| O|  |TAMS 0x000000009ed00000, 0x000000009ed00000| Untracked 
| 494|0x000000009ee00000, 0x000000009ef00000, 0x000000009ef00000|100%| O|  |TAMS 0x000000009ee00000, 0x000000009ee00000| Untracked 
| 495|0x000000009ef00000, 0x000000009f000000, 0x000000009f000000|100%| O|  |TAMS 0x000000009ef00000, 0x000000009ef00000| Untracked 
| 496|0x000000009f000000, 0x000000009f100000, 0x000000009f100000|100%| O|  |TAMS 0x000000009f000000, 0x000000009f000000| Untracked 
| 497|0x000000009f100000, 0x000000009f200000, 0x000000009f200000|100%| O|  |TAMS 0x000000009f100000, 0x000000009f100000| Untracked 
| 498|0x000000009f200000, 0x000000009f300000, 0x000000009f300000|100%| O|  |TAMS 0x000000009f200000, 0x000000009f200000| Untracked 
| 499|0x000000009f300000, 0x000000009f400000, 0x000000009f400000|100%| O|  |TAMS 0x000000009f300000, 0x000000009f300000| Untracked 
| 500|0x000000009f400000, 0x000000009f500000, 0x000000009f500000|100%| O|  |TAMS 0x000000009f400000, 0x000000009f400000| Untracked 
| 501|0x000000009f500000, 0x000000009f600000, 0x000000009f600000|100%| O|  |TAMS 0x000000009f500000, 0x000000009f500000| Untracked 
| 502|0x000000009f600000, 0x000000009f600000, 0x000000009f700000|  0%| F|  |TAMS 0x000000009f600000, 0x000000009f600000| Untracked 
| 503|0x000000009f700000, 0x000000009f700000, 0x000000009f800000|  0%| F|  |TAMS 0x000000009f700000, 0x000000009f700000| Untracked 
| 504|0x000000009f800000, 0x000000009f800000, 0x000000009f900000|  0%| F|  |TAMS 0x000000009f800000, 0x000000009f800000| Untracked 
| 505|0x000000009f900000, 0x000000009f900000, 0x000000009fa00000|  0%| F|  |TAMS 0x000000009f900000, 0x000000009f900000| Untracked 
| 506|0x000000009fa00000, 0x000000009fa00000, 0x000000009fb00000|  0%| F|  |TAMS 0x000000009fa00000, 0x000000009fa00000| Untracked 
| 507|0x000000009fb00000, 0x000000009fb00000, 0x000000009fc00000|  0%| F|  |TAMS 0x000000009fb00000, 0x000000009fb00000| Untracked 
| 508|0x000000009fc00000, 0x000000009fc00000, 0x000000009fd00000|  0%| F|  |TAMS 0x000000009fc00000, 0x000000009fc00000| Untracked 
| 509|0x000000009fd00000, 0x000000009fd00000, 0x000000009fe00000|  0%| F|  |TAMS 0x000000009fd00000, 0x000000009fd00000| Untracked 
| 510|0x000000009fe00000, 0x000000009fe00000, 0x000000009ff00000|  0%| F|  |TAMS 0x000000009fe00000, 0x000000009fe00000| Untracked 
| 511|0x000000009ff00000, 0x000000009ff00000, 0x00000000a0000000|  0%| F|  |TAMS 0x000000009ff00000, 0x000000009ff00000| Untracked 
| 512|0x00000000a0000000, 0x00000000a0000000, 0x00000000a0100000|  0%| F|  |TAMS 0x00000000a0000000, 0x00000000a0000000| Untracked 
| 513|0x00000000a0100000, 0x00000000a0100000, 0x00000000a0200000|  0%| F|  |TAMS 0x00000000a0100000, 0x00000000a0100000| Untracked 
| 514|0x00000000a0200000, 0x00000000a0200000, 0x00000000a0300000|  0%| F|  |TAMS 0x00000000a0200000, 0x00000000a0200000| Untracked 
| 515|0x00000000a0300000, 0x00000000a0300000, 0x00000000a0400000|  0%| F|  |TAMS 0x00000000a0300000, 0x00000000a0300000| Untracked 
| 516|0x00000000a0400000, 0x00000000a0400000, 0x00000000a0500000|  0%| F|  |TAMS 0x00000000a0400000, 0x00000000a0400000| Untracked 
| 517|0x00000000a0500000, 0x00000000a0500000, 0x00000000a0600000|  0%| F|  |TAMS 0x00000000a0500000, 0x00000000a0500000| Untracked 
| 518|0x00000000a0600000, 0x00000000a0600000, 0x00000000a0700000|  0%| F|  |TAMS 0x00000000a0600000, 0x00000000a0600000| Untracked 
| 519|0x00000000a0700000, 0x00000000a0700000, 0x00000000a0800000|  0%| F|  |TAMS 0x00000000a0700000, 0x00000000a0700000| Untracked 
| 520|0x00000000a0800000, 0x00000000a0800000, 0x00000000a0900000|  0%| F|  |TAMS 0x00000000a0800000, 0x00000000a0800000| Untracked 
| 521|0x00000000a0900000, 0x00000000a0900000, 0x00000000a0a00000|  0%| F|  |TAMS 0x00000000a0900000, 0x00000000a0900000| Untracked 
| 522|0x00000000a0a00000, 0x00000000a0a00000, 0x00000000a0b00000|  0%| F|  |TAMS 0x00000000a0a00000, 0x00000000a0a00000| Untracked 
| 523|0x00000000a0b00000, 0x00000000a0b00000, 0x00000000a0c00000|  0%| F|  |TAMS 0x00000000a0b00000, 0x00000000a0b00000| Untracked 
| 524|0x00000000a0c00000, 0x00000000a0c00000, 0x00000000a0d00000|  0%| F|  |TAMS 0x00000000a0c00000, 0x00000000a0c00000| Untracked 
| 525|0x00000000a0d00000, 0x00000000a0d00000, 0x00000000a0e00000|  0%| F|  |TAMS 0x00000000a0d00000, 0x00000000a0d00000| Untracked 
| 526|0x00000000a0e00000, 0x00000000a0e00000, 0x00000000a0f00000|  0%| F|  |TAMS 0x00000000a0e00000, 0x00000000a0e00000| Untracked 
| 527|0x00000000a0f00000, 0x00000000a0f00000, 0x00000000a1000000|  0%| F|  |TAMS 0x00000000a0f00000, 0x00000000a0f00000| Untracked 
| 528|0x00000000a1000000, 0x00000000a1000000, 0x00000000a1100000|  0%| F|  |TAMS 0x00000000a1000000, 0x00000000a1000000| Untracked 
| 529|0x00000000a1100000, 0x00000000a1100000, 0x00000000a1200000|  0%| F|  |TAMS 0x00000000a1100000, 0x00000000a1100000| Untracked 
| 530|0x00000000a1200000, 0x00000000a1200000, 0x00000000a1300000|  0%| F|  |TAMS 0x00000000a1200000, 0x00000000a1200000| Untracked 
| 531|0x00000000a1300000, 0x00000000a1300000, 0x00000000a1400000|  0%| F|  |TAMS 0x00000000a1300000, 0x00000000a1300000| Untracked 
| 532|0x00000000a1400000, 0x00000000a1400000, 0x00000000a1500000|  0%| F|  |TAMS 0x00000000a1400000, 0x00000000a1400000| Untracked 
| 533|0x00000000a1500000, 0x00000000a1500000, 0x00000000a1600000|  0%| F|  |TAMS 0x00000000a1500000, 0x00000000a1500000| Untracked 
| 534|0x00000000a1600000, 0x00000000a1600000, 0x00000000a1700000|  0%| F|  |TAMS 0x00000000a1600000, 0x00000000a1600000| Untracked 
| 535|0x00000000a1700000, 0x00000000a1700000, 0x00000000a1800000|  0%| F|  |TAMS 0x00000000a1700000, 0x00000000a1700000| Untracked 
| 536|0x00000000a1800000, 0x00000000a1800000, 0x00000000a1900000|  0%| F|  |TAMS 0x00000000a1800000, 0x00000000a1800000| Untracked 
| 537|0x00000000a1900000, 0x00000000a1900000, 0x00000000a1a00000|  0%| F|  |TAMS 0x00000000a1900000, 0x00000000a1900000| Untracked 
| 538|0x00000000a1a00000, 0x00000000a1a00000, 0x00000000a1b00000|  0%| F|  |TAMS 0x00000000a1a00000, 0x00000000a1a00000| Untracked 
| 539|0x00000000a1b00000, 0x00000000a1b00000, 0x00000000a1c00000|  0%| F|  |TAMS 0x00000000a1b00000, 0x00000000a1b00000| Untracked 
| 540|0x00000000a1c00000, 0x00000000a1c00000, 0x00000000a1d00000|  0%| F|  |TAMS 0x00000000a1c00000, 0x00000000a1c00000| Untracked 
| 541|0x00000000a1d00000, 0x00000000a1d00000, 0x00000000a1e00000|  0%| F|  |TAMS 0x00000000a1d00000, 0x00000000a1d00000| Untracked 
| 542|0x00000000a1e00000, 0x00000000a1e00000, 0x00000000a1f00000|  0%| F|  |TAMS 0x00000000a1e00000, 0x00000000a1e00000| Untracked 
| 543|0x00000000a1f00000, 0x00000000a1f00000, 0x00000000a2000000|  0%| F|  |TAMS 0x00000000a1f00000, 0x00000000a1f00000| Untracked 
| 544|0x00000000a2000000, 0x00000000a2000000, 0x00000000a2100000|  0%| F|  |TAMS 0x00000000a2000000, 0x00000000a2000000| Untracked 
| 545|0x00000000a2100000, 0x00000000a2100000, 0x00000000a2200000|  0%| F|  |TAMS 0x00000000a2100000, 0x00000000a2100000| Untracked 
| 546|0x00000000a2200000, 0x00000000a2200000, 0x00000000a2300000|  0%| F|  |TAMS 0x00000000a2200000, 0x00000000a2200000| Untracked 
| 547|0x00000000a2300000, 0x00000000a2300000, 0x00000000a2400000|  0%| F|  |TAMS 0x00000000a2300000, 0x00000000a2300000| Untracked 
| 548|0x00000000a2400000, 0x00000000a2400000, 0x00000000a2500000|  0%| F|  |TAMS 0x00000000a2400000, 0x00000000a2400000| Untracked 
| 549|0x00000000a2500000, 0x00000000a2500000, 0x00000000a2600000|  0%| F|  |TAMS 0x00000000a2500000, 0x00000000a2500000| Untracked 
| 550|0x00000000a2600000, 0x00000000a2600000, 0x00000000a2700000|  0%| F|  |TAMS 0x00000000a2600000, 0x00000000a2600000| Untracked 
| 551|0x00000000a2700000, 0x00000000a2700000, 0x00000000a2800000|  0%| F|  |TAMS 0x00000000a2700000, 0x00000000a2700000| Untracked 
| 552|0x00000000a2800000, 0x00000000a2800000, 0x00000000a2900000|  0%| F|  |TAMS 0x00000000a2800000, 0x00000000a2800000| Untracked 
| 553|0x00000000a2900000, 0x00000000a2900000, 0x00000000a2a00000|  0%| F|  |TAMS 0x00000000a2900000, 0x00000000a2900000| Untracked 
| 554|0x00000000a2a00000, 0x00000000a2a00000, 0x00000000a2b00000|  0%| F|  |TAMS 0x00000000a2a00000, 0x00000000a2a00000| Untracked 
| 555|0x00000000a2b00000, 0x00000000a2b00000, 0x00000000a2c00000|  0%| F|  |TAMS 0x00000000a2b00000, 0x00000000a2b00000| Untracked 
| 556|0x00000000a2c00000, 0x00000000a2c00000, 0x00000000a2d00000|  0%| F|  |TAMS 0x00000000a2c00000, 0x00000000a2c00000| Untracked 
| 557|0x00000000a2d00000, 0x00000000a2d00000, 0x00000000a2e00000|  0%| F|  |TAMS 0x00000000a2d00000, 0x00000000a2d00000| Untracked 
| 558|0x00000000a2e00000, 0x00000000a2e00000, 0x00000000a2f00000|  0%| F|  |TAMS 0x00000000a2e00000, 0x00000000a2e00000| Untracked 
| 559|0x00000000a2f00000, 0x00000000a2f00000, 0x00000000a3000000|  0%| F|  |TAMS 0x00000000a2f00000, 0x00000000a2f00000| Untracked 
| 560|0x00000000a3000000, 0x00000000a3000000, 0x00000000a3100000|  0%| F|  |TAMS 0x00000000a3000000, 0x00000000a3000000| Untracked 
| 561|0x00000000a3100000, 0x00000000a3100000, 0x00000000a3200000|  0%| F|  |TAMS 0x00000000a3100000, 0x00000000a3100000| Untracked 
| 562|0x00000000a3200000, 0x00000000a3200000, 0x00000000a3300000|  0%| F|  |TAMS 0x00000000a3200000, 0x00000000a3200000| Untracked 
| 563|0x00000000a3300000, 0x00000000a3300000, 0x00000000a3400000|  0%| F|  |TAMS 0x00000000a3300000, 0x00000000a3300000| Untracked 
| 564|0x00000000a3400000, 0x00000000a3400000, 0x00000000a3500000|  0%| F|  |TAMS 0x00000000a3400000, 0x00000000a3400000| Untracked 
| 565|0x00000000a3500000, 0x00000000a3500000, 0x00000000a3600000|  0%| F|  |TAMS 0x00000000a3500000, 0x00000000a3500000| Untracked 
| 566|0x00000000a3600000, 0x00000000a3600000, 0x00000000a3700000|  0%| F|  |TAMS 0x00000000a3600000, 0x00000000a3600000| Untracked 
| 567|0x00000000a3700000, 0x00000000a3700000, 0x00000000a3800000|  0%| F|  |TAMS 0x00000000a3700000, 0x00000000a3700000| Untracked 
| 568|0x00000000a3800000, 0x00000000a3800000, 0x00000000a3900000|  0%| F|  |TAMS 0x00000000a3800000, 0x00000000a3800000| Untracked 
| 569|0x00000000a3900000, 0x00000000a3900000, 0x00000000a3a00000|  0%| F|  |TAMS 0x00000000a3900000, 0x00000000a3900000| Untracked 
| 570|0x00000000a3a00000, 0x00000000a3a00000, 0x00000000a3b00000|  0%| F|  |TAMS 0x00000000a3a00000, 0x00000000a3a00000| Untracked 
| 571|0x00000000a3b00000, 0x00000000a3b00000, 0x00000000a3c00000|  0%| F|  |TAMS 0x00000000a3b00000, 0x00000000a3b00000| Untracked 
| 572|0x00000000a3c00000, 0x00000000a3c00000, 0x00000000a3d00000|  0%| F|  |TAMS 0x00000000a3c00000, 0x00000000a3c00000| Untracked 
| 573|0x00000000a3d00000, 0x00000000a3d00000, 0x00000000a3e00000|  0%| F|  |TAMS 0x00000000a3d00000, 0x00000000a3d00000| Untracked 
| 574|0x00000000a3e00000, 0x00000000a3e00000, 0x00000000a3f00000|  0%| F|  |TAMS 0x00000000a3e00000, 0x00000000a3e00000| Untracked 
| 575|0x00000000a3f00000, 0x00000000a3f00000, 0x00000000a4000000|  0%| F|  |TAMS 0x00000000a3f00000, 0x00000000a3f00000| Untracked 
| 576|0x00000000a4000000, 0x00000000a4000000, 0x00000000a4100000|  0%| F|  |TAMS 0x00000000a4000000, 0x00000000a4000000| Untracked 
| 577|0x00000000a4100000, 0x00000000a4100000, 0x00000000a4200000|  0%| F|  |TAMS 0x00000000a4100000, 0x00000000a4100000| Untracked 
| 578|0x00000000a4200000, 0x00000000a4200000, 0x00000000a4300000|  0%| F|  |TAMS 0x00000000a4200000, 0x00000000a4200000| Untracked 
| 579|0x00000000a4300000, 0x00000000a4300000, 0x00000000a4400000|  0%| F|  |TAMS 0x00000000a4300000, 0x00000000a4300000| Untracked 
| 580|0x00000000a4400000, 0x00000000a4400000, 0x00000000a4500000|  0%| F|  |TAMS 0x00000000a4400000, 0x00000000a4400000| Untracked 
| 581|0x00000000a4500000, 0x00000000a4500000, 0x00000000a4600000|  0%| F|  |TAMS 0x00000000a4500000, 0x00000000a4500000| Untracked 
| 582|0x00000000a4600000, 0x00000000a4600000, 0x00000000a4700000|  0%| F|  |TAMS 0x00000000a4600000, 0x00000000a4600000| Untracked 
| 583|0x00000000a4700000, 0x00000000a4700000, 0x00000000a4800000|  0%| F|  |TAMS 0x00000000a4700000, 0x00000000a4700000| Untracked 
| 584|0x00000000a4800000, 0x00000000a4800000, 0x00000000a4900000|  0%| F|  |TAMS 0x00000000a4800000, 0x00000000a4800000| Untracked 
| 585|0x00000000a4900000, 0x00000000a4900000, 0x00000000a4a00000|  0%| F|  |TAMS 0x00000000a4900000, 0x00000000a4900000| Untracked 
| 586|0x00000000a4a00000, 0x00000000a4a00000, 0x00000000a4b00000|  0%| F|  |TAMS 0x00000000a4a00000, 0x00000000a4a00000| Untracked 
| 587|0x00000000a4b00000, 0x00000000a4b00000, 0x00000000a4c00000|  0%| F|  |TAMS 0x00000000a4b00000, 0x00000000a4b00000| Untracked 
| 588|0x00000000a4c00000, 0x00000000a4c00000, 0x00000000a4d00000|  0%| F|  |TAMS 0x00000000a4c00000, 0x00000000a4c00000| Untracked 
| 589|0x00000000a4d00000, 0x00000000a4d00000, 0x00000000a4e00000|  0%| F|  |TAMS 0x00000000a4d00000, 0x00000000a4d00000| Untracked 
| 590|0x00000000a4e00000, 0x00000000a4e00000, 0x00000000a4f00000|  0%| F|  |TAMS 0x00000000a4e00000, 0x00000000a4e00000| Untracked 
| 591|0x00000000a4f00000, 0x00000000a4f00000, 0x00000000a5000000|  0%| F|  |TAMS 0x00000000a4f00000, 0x00000000a4f00000| Untracked 
| 592|0x00000000a5000000, 0x00000000a5000000, 0x00000000a5100000|  0%| F|  |TAMS 0x00000000a5000000, 0x00000000a5000000| Untracked 
| 593|0x00000000a5100000, 0x00000000a5100000, 0x00000000a5200000|  0%| F|  |TAMS 0x00000000a5100000, 0x00000000a5100000| Untracked 
| 594|0x00000000a5200000, 0x00000000a5200000, 0x00000000a5300000|  0%| F|  |TAMS 0x00000000a5200000, 0x00000000a5200000| Untracked 
| 595|0x00000000a5300000, 0x00000000a5300000, 0x00000000a5400000|  0%| F|  |TAMS 0x00000000a5300000, 0x00000000a5300000| Untracked 
| 596|0x00000000a5400000, 0x00000000a5400000, 0x00000000a5500000|  0%| F|  |TAMS 0x00000000a5400000, 0x00000000a5400000| Untracked 
| 597|0x00000000a5500000, 0x00000000a5500000, 0x00000000a5600000|  0%| F|  |TAMS 0x00000000a5500000, 0x00000000a5500000| Untracked 
| 598|0x00000000a5600000, 0x00000000a5600000, 0x00000000a5700000|  0%| F|  |TAMS 0x00000000a5600000, 0x00000000a5600000| Untracked 
| 599|0x00000000a5700000, 0x00000000a5700000, 0x00000000a5800000|  0%| F|  |TAMS 0x00000000a5700000, 0x00000000a5700000| Untracked 
| 600|0x00000000a5800000, 0x00000000a5800000, 0x00000000a5900000|  0%| F|  |TAMS 0x00000000a5800000, 0x00000000a5800000| Untracked 
| 601|0x00000000a5900000, 0x00000000a5900000, 0x00000000a5a00000|  0%| F|  |TAMS 0x00000000a5900000, 0x00000000a5900000| Untracked 
| 602|0x00000000a5a00000, 0x00000000a5a00000, 0x00000000a5b00000|  0%| F|  |TAMS 0x00000000a5a00000, 0x00000000a5a00000| Untracked 
| 603|0x00000000a5b00000, 0x00000000a5b00000, 0x00000000a5c00000|  0%| F|  |TAMS 0x00000000a5b00000, 0x00000000a5b00000| Untracked 
| 604|0x00000000a5c00000, 0x00000000a5c00000, 0x00000000a5d00000|  0%| F|  |TAMS 0x00000000a5c00000, 0x00000000a5c00000| Untracked 
| 605|0x00000000a5d00000, 0x00000000a5d00000, 0x00000000a5e00000|  0%| F|  |TAMS 0x00000000a5d00000, 0x00000000a5d00000| Untracked 
| 606|0x00000000a5e00000, 0x00000000a5e00000, 0x00000000a5f00000|  0%| F|  |TAMS 0x00000000a5e00000, 0x00000000a5e00000| Untracked 
| 607|0x00000000a5f00000, 0x00000000a5f00000, 0x00000000a6000000|  0%| F|  |TAMS 0x00000000a5f00000, 0x00000000a5f00000| Untracked 
| 608|0x00000000a6000000, 0x00000000a6000000, 0x00000000a6100000|  0%| F|  |TAMS 0x00000000a6000000, 0x00000000a6000000| Untracked 
| 609|0x00000000a6100000, 0x00000000a6100000, 0x00000000a6200000|  0%| F|  |TAMS 0x00000000a6100000, 0x00000000a6100000| Untracked 
| 610|0x00000000a6200000, 0x00000000a6200000, 0x00000000a6300000|  0%| F|  |TAMS 0x00000000a6200000, 0x00000000a6200000| Untracked 
| 611|0x00000000a6300000, 0x00000000a6300000, 0x00000000a6400000|  0%| F|  |TAMS 0x00000000a6300000, 0x00000000a6300000| Untracked 
| 612|0x00000000a6400000, 0x00000000a6400000, 0x00000000a6500000|  0%| F|  |TAMS 0x00000000a6400000, 0x00000000a6400000| Untracked 
| 613|0x00000000a6500000, 0x00000000a6500000, 0x00000000a6600000|  0%| F|  |TAMS 0x00000000a6500000, 0x00000000a6500000| Untracked 
| 614|0x00000000a6600000, 0x00000000a6600000, 0x00000000a6700000|  0%| F|  |TAMS 0x00000000a6600000, 0x00000000a6600000| Untracked 
| 615|0x00000000a6700000, 0x00000000a6700000, 0x00000000a6800000|  0%| F|  |TAMS 0x00000000a6700000, 0x00000000a6700000| Untracked 
| 616|0x00000000a6800000, 0x00000000a6800000, 0x00000000a6900000|  0%| F|  |TAMS 0x00000000a6800000, 0x00000000a6800000| Untracked 
| 617|0x00000000a6900000, 0x00000000a6900000, 0x00000000a6a00000|  0%| F|  |TAMS 0x00000000a6900000, 0x00000000a6900000| Untracked 
| 618|0x00000000a6a00000, 0x00000000a6a00000, 0x00000000a6b00000|  0%| F|  |TAMS 0x00000000a6a00000, 0x00000000a6a00000| Untracked 
| 619|0x00000000a6b00000, 0x00000000a6b00000, 0x00000000a6c00000|  0%| F|  |TAMS 0x00000000a6b00000, 0x00000000a6b00000| Untracked 
| 620|0x00000000a6c00000, 0x00000000a6c00000, 0x00000000a6d00000|  0%| F|  |TAMS 0x00000000a6c00000, 0x00000000a6c00000| Untracked 
| 621|0x00000000a6d00000, 0x00000000a6d00000, 0x00000000a6e00000|  0%| F|  |TAMS 0x00000000a6d00000, 0x00000000a6d00000| Untracked 
| 622|0x00000000a6e00000, 0x00000000a6e00000, 0x00000000a6f00000|  0%| F|  |TAMS 0x00000000a6e00000, 0x00000000a6e00000| Untracked 
| 623|0x00000000a6f00000, 0x00000000a6f00000, 0x00000000a7000000|  0%| F|  |TAMS 0x00000000a6f00000, 0x00000000a6f00000| Untracked 
| 624|0x00000000a7000000, 0x00000000a7000000, 0x00000000a7100000|  0%| F|  |TAMS 0x00000000a7000000, 0x00000000a7000000| Untracked 
| 625|0x00000000a7100000, 0x00000000a7100000, 0x00000000a7200000|  0%| F|  |TAMS 0x00000000a7100000, 0x00000000a7100000| Untracked 
| 626|0x00000000a7200000, 0x00000000a7200000, 0x00000000a7300000|  0%| F|  |TAMS 0x00000000a7200000, 0x00000000a7200000| Untracked 
| 627|0x00000000a7300000, 0x00000000a7300000, 0x00000000a7400000|  0%| F|  |TAMS 0x00000000a7300000, 0x00000000a7300000| Untracked 
| 628|0x00000000a7400000, 0x00000000a7400000, 0x00000000a7500000|  0%| F|  |TAMS 0x00000000a7400000, 0x00000000a7400000| Untracked 
| 629|0x00000000a7500000, 0x00000000a7500000, 0x00000000a7600000|  0%| F|  |TAMS 0x00000000a7500000, 0x00000000a7500000| Untracked 
| 630|0x00000000a7600000, 0x00000000a7600000, 0x00000000a7700000|  0%| F|  |TAMS 0x00000000a7600000, 0x00000000a7600000| Untracked 
| 631|0x00000000a7700000, 0x00000000a7700000, 0x00000000a7800000|  0%| F|  |TAMS 0x00000000a7700000, 0x00000000a7700000| Untracked 
| 632|0x00000000a7800000, 0x00000000a7800000, 0x00000000a7900000|  0%| F|  |TAMS 0x00000000a7800000, 0x00000000a7800000| Untracked 
| 633|0x00000000a7900000, 0x00000000a7900000, 0x00000000a7a00000|  0%| F|  |TAMS 0x00000000a7900000, 0x00000000a7900000| Untracked 
| 634|0x00000000a7a00000, 0x00000000a7a00000, 0x00000000a7b00000|  0%| F|  |TAMS 0x00000000a7a00000, 0x00000000a7a00000| Untracked 
| 635|0x00000000a7b00000, 0x00000000a7b00000, 0x00000000a7c00000|  0%| F|  |TAMS 0x00000000a7b00000, 0x00000000a7b00000| Untracked 
| 636|0x00000000a7c00000, 0x00000000a7c00000, 0x00000000a7d00000|  0%| F|  |TAMS 0x00000000a7c00000, 0x00000000a7c00000| Untracked 
| 637|0x00000000a7d00000, 0x00000000a7d00000, 0x00000000a7e00000|  0%| F|  |TAMS 0x00000000a7d00000, 0x00000000a7d00000| Untracked 
| 638|0x00000000a7e00000, 0x00000000a7e00000, 0x00000000a7f00000|  0%| F|  |TAMS 0x00000000a7e00000, 0x00000000a7e00000| Untracked 
| 639|0x00000000a7f00000, 0x00000000a7f00000, 0x00000000a8000000|  0%| F|  |TAMS 0x00000000a7f00000, 0x00000000a7f00000| Untracked 
| 640|0x00000000a8000000, 0x00000000a8000000, 0x00000000a8100000|  0%| F|  |TAMS 0x00000000a8000000, 0x00000000a8000000| Untracked 
| 641|0x00000000a8100000, 0x00000000a8100000, 0x00000000a8200000|  0%| F|  |TAMS 0x00000000a8100000, 0x00000000a8100000| Untracked 
| 642|0x00000000a8200000, 0x00000000a8200000, 0x00000000a8300000|  0%| F|  |TAMS 0x00000000a8200000, 0x00000000a8200000| Untracked 
| 643|0x00000000a8300000, 0x00000000a8300000, 0x00000000a8400000|  0%| F|  |TAMS 0x00000000a8300000, 0x00000000a8300000| Untracked 
| 644|0x00000000a8400000, 0x00000000a8400000, 0x00000000a8500000|  0%| F|  |TAMS 0x00000000a8400000, 0x00000000a8400000| Untracked 
| 645|0x00000000a8500000, 0x00000000a8500000, 0x00000000a8600000|  0%| F|  |TAMS 0x00000000a8500000, 0x00000000a8500000| Untracked 
| 646|0x00000000a8600000, 0x00000000a8600000, 0x00000000a8700000|  0%| F|  |TAMS 0x00000000a8600000, 0x00000000a8600000| Untracked 
| 647|0x00000000a8700000, 0x00000000a8700000, 0x00000000a8800000|  0%| F|  |TAMS 0x00000000a8700000, 0x00000000a8700000| Untracked 
| 648|0x00000000a8800000, 0x00000000a8800000, 0x00000000a8900000|  0%| F|  |TAMS 0x00000000a8800000, 0x00000000a8800000| Untracked 
| 649|0x00000000a8900000, 0x00000000a8900000, 0x00000000a8a00000|  0%| F|  |TAMS 0x00000000a8900000, 0x00000000a8900000| Untracked 
| 650|0x00000000a8a00000, 0x00000000a8a00000, 0x00000000a8b00000|  0%| F|  |TAMS 0x00000000a8a00000, 0x00000000a8a00000| Untracked 
| 651|0x00000000a8b00000, 0x00000000a8b00000, 0x00000000a8c00000|  0%| F|  |TAMS 0x00000000a8b00000, 0x00000000a8b00000| Untracked 
| 652|0x00000000a8c00000, 0x00000000a8cb7210, 0x00000000a8d00000| 71%| S|CS|TAMS 0x00000000a8c00000, 0x00000000a8c00000| Complete 
| 653|0x00000000a8d00000, 0x00000000a8e00000, 0x00000000a8e00000|100%| S|CS|TAMS 0x00000000a8d00000, 0x00000000a8d00000| Complete 
| 654|0x00000000a8e00000, 0x00000000a8f00000, 0x00000000a8f00000|100%| S|CS|TAMS 0x00000000a8e00000, 0x00000000a8e00000| Complete 
| 655|0x00000000a8f00000, 0x00000000a9000000, 0x00000000a9000000|100%| S|CS|TAMS 0x00000000a8f00000, 0x00000000a8f00000| Complete 
| 656|0x00000000a9000000, 0x00000000a9000000, 0x00000000a9100000|  0%| F|  |TAMS 0x00000000a9000000, 0x00000000a9000000| Untracked 
| 657|0x00000000a9100000, 0x00000000a9100000, 0x00000000a9200000|  0%| F|  |TAMS 0x00000000a9100000, 0x00000000a9100000| Untracked 
| 658|0x00000000a9200000, 0x00000000a9200000, 0x00000000a9300000|  0%| F|  |TAMS 0x00000000a9200000, 0x00000000a9200000| Untracked 
| 659|0x00000000a9300000, 0x00000000a9300000, 0x00000000a9400000|  0%| F|  |TAMS 0x00000000a9300000, 0x00000000a9300000| Untracked 
| 660|0x00000000a9400000, 0x00000000a9400000, 0x00000000a9500000|  0%| F|  |TAMS 0x00000000a9400000, 0x00000000a9400000| Untracked 
| 661|0x00000000a9500000, 0x00000000a9500000, 0x00000000a9600000|  0%| F|  |TAMS 0x00000000a9500000, 0x00000000a9500000| Untracked 
| 662|0x00000000a9600000, 0x00000000a9600000, 0x00000000a9700000|  0%| F|  |TAMS 0x00000000a9600000, 0x00000000a9600000| Untracked 
| 663|0x00000000a9700000, 0x00000000a9700000, 0x00000000a9800000|  0%| F|  |TAMS 0x00000000a9700000, 0x00000000a9700000| Untracked 
| 664|0x00000000a9800000, 0x00000000a9800000, 0x00000000a9900000|  0%| F|  |TAMS 0x00000000a9800000, 0x00000000a9800000| Untracked 
| 665|0x00000000a9900000, 0x00000000a9900000, 0x00000000a9a00000|  0%| F|  |TAMS 0x00000000a9900000, 0x00000000a9900000| Untracked 
| 666|0x00000000a9a00000, 0x00000000a9a00000, 0x00000000a9b00000|  0%| F|  |TAMS 0x00000000a9a00000, 0x00000000a9a00000| Untracked 
| 667|0x00000000a9b00000, 0x00000000a9b00000, 0x00000000a9c00000|  0%| F|  |TAMS 0x00000000a9b00000, 0x00000000a9b00000| Untracked 
| 668|0x00000000a9c00000, 0x00000000a9c00000, 0x00000000a9d00000|  0%| F|  |TAMS 0x00000000a9c00000, 0x00000000a9c00000| Untracked 
| 669|0x00000000a9d00000, 0x00000000a9d00000, 0x00000000a9e00000|  0%| F|  |TAMS 0x00000000a9d00000, 0x00000000a9d00000| Untracked 
| 670|0x00000000a9e00000, 0x00000000a9e00000, 0x00000000a9f00000|  0%| F|  |TAMS 0x00000000a9e00000, 0x00000000a9e00000| Untracked 
| 671|0x00000000a9f00000, 0x00000000a9f00000, 0x00000000aa000000|  0%| F|  |TAMS 0x00000000a9f00000, 0x00000000a9f00000| Untracked 
| 672|0x00000000aa000000, 0x00000000aa000000, 0x00000000aa100000|  0%| F|  |TAMS 0x00000000aa000000, 0x00000000aa000000| Untracked 
| 673|0x00000000aa100000, 0x00000000aa100000, 0x00000000aa200000|  0%| F|  |TAMS 0x00000000aa100000, 0x00000000aa100000| Untracked 
| 674|0x00000000aa200000, 0x00000000aa200000, 0x00000000aa300000|  0%| F|  |TAMS 0x00000000aa200000, 0x00000000aa200000| Untracked 
| 675|0x00000000aa300000, 0x00000000aa300000, 0x00000000aa400000|  0%| F|  |TAMS 0x00000000aa300000, 0x00000000aa300000| Untracked 
| 676|0x00000000aa400000, 0x00000000aa400000, 0x00000000aa500000|  0%| F|  |TAMS 0x00000000aa400000, 0x00000000aa400000| Untracked 
| 677|0x00000000aa500000, 0x00000000aa500000, 0x00000000aa600000|  0%| F|  |TAMS 0x00000000aa500000, 0x00000000aa500000| Untracked 
| 678|0x00000000aa600000, 0x00000000aa600000, 0x00000000aa700000|  0%| F|  |TAMS 0x00000000aa600000, 0x00000000aa600000| Untracked 
|2005|0x00000000fd500000, 0x00000000fd600000, 0x00000000fd600000|100%| O|  |TAMS 0x00000000fd500000, 0x00000000fd500000| Untracked 
|2006|0x00000000fd600000, 0x00000000fd700000, 0x00000000fd700000|100%| O|  |TAMS 0x00000000fd600000, 0x00000000fd600000| Untracked 
|2007|0x00000000fd700000, 0x00000000fd800000, 0x00000000fd800000|100%| O|  |TAMS 0x00000000fd700000, 0x00000000fd700000| Untracked 
|2008|0x00000000fd800000, 0x00000000fd900000, 0x00000000fd900000|100%| O|  |TAMS 0x00000000fd800000, 0x00000000fd800000| Untracked 
|2009|0x00000000fd900000, 0x00000000fda00000, 0x00000000fda00000|100%| O|  |TAMS 0x00000000fd900000, 0x00000000fd900000| Untracked 
|2010|0x00000000fda00000, 0x00000000fdb00000, 0x00000000fdb00000|100%| O|  |TAMS 0x00000000fda00000, 0x00000000fda00000| Untracked 
|2011|0x00000000fdb00000, 0x00000000fdc00000, 0x00000000fdc00000|100%| O|  |TAMS 0x00000000fdb00000, 0x00000000fdb00000| Untracked 
|2012|0x00000000fdc00000, 0x00000000fdd00000, 0x00000000fdd00000|100%| O|  |TAMS 0x00000000fdc00000, 0x00000000fdc00000| Untracked 
|2013|0x00000000fdd00000, 0x00000000fde00000, 0x00000000fde00000|100%| O|  |TAMS 0x00000000fdd00000, 0x00000000fdd00000| Untracked 
|2014|0x00000000fde00000, 0x00000000fdf00000, 0x00000000fdf00000|100%| O|  |TAMS 0x00000000fde00000, 0x00000000fde00000| Untracked 
|2015|0x00000000fdf00000, 0x00000000fe000000, 0x00000000fe000000|100%| O|  |TAMS 0x00000000fdf00000, 0x00000000fdf00000| Untracked 
|2016|0x00000000fe000000, 0x00000000fe100000, 0x00000000fe100000|100%| O|  |TAMS 0x00000000fe000000, 0x00000000fe000000| Untracked 
|2017|0x00000000fe100000, 0x00000000fe200000, 0x00000000fe200000|100%| O|  |TAMS 0x00000000fe100000, 0x00000000fe100000| Untracked 
|2018|0x00000000fe200000, 0x00000000fe300000, 0x00000000fe300000|100%| O|  |TAMS 0x00000000fe200000, 0x00000000fe200000| Untracked 
|2019|0x00000000fe300000, 0x00000000fe400000, 0x00000000fe400000|100%| O|  |TAMS 0x00000000fe300000, 0x00000000fe300000| Untracked 
|2020|0x00000000fe400000, 0x00000000fe500000, 0x00000000fe500000|100%| O|  |TAMS 0x00000000fe400000, 0x00000000fe400000| Untracked 
|2021|0x00000000fe500000, 0x00000000fe600000, 0x00000000fe600000|100%| O|  |TAMS 0x00000000fe500000, 0x00000000fe500000| Untracked 
|2022|0x00000000fe600000, 0x00000000fe700000, 0x00000000fe700000|100%| O|  |TAMS 0x00000000fe600000, 0x00000000fe600000| Untracked 
|2023|0x00000000fe700000, 0x00000000fe800000, 0x00000000fe800000|100%| O|  |TAMS 0x00000000fe700000, 0x00000000fe700000| Untracked 
|2024|0x00000000fe800000, 0x00000000fe900000, 0x00000000fe900000|100%| O|  |TAMS 0x00000000fe800000, 0x00000000fe800000| Untracked 
|2025|0x00000000fe900000, 0x00000000fea00000, 0x00000000fea00000|100%| O|  |TAMS 0x00000000fe900000, 0x00000000fe900000| Untracked 
|2026|0x00000000fea00000, 0x00000000feb00000, 0x00000000feb00000|100%| O|  |TAMS 0x00000000fea00000, 0x00000000fea00000| Untracked 
|2027|0x00000000feb00000, 0x00000000fec00000, 0x00000000fec00000|100%| O|  |TAMS 0x00000000feb00000, 0x00000000feb00000| Untracked 
|2028|0x00000000fec00000, 0x00000000fed00000, 0x00000000fed00000|100%| O|  |TAMS 0x00000000fec00000, 0x00000000fec00000| Untracked 
|2029|0x00000000fed00000, 0x00000000fee00000, 0x00000000fee00000|100%| O|  |TAMS 0x00000000fed00000, 0x00000000fed00000| Untracked 
|2030|0x00000000fee00000, 0x00000000fef00000, 0x00000000fef00000|100%| O|  |TAMS 0x00000000fee00000, 0x00000000fee00000| Untracked 
|2031|0x00000000fef00000, 0x00000000ff000000, 0x00000000ff000000|100%| O|  |TAMS 0x00000000fef00000, 0x00000000fef00000| Untracked 
|2032|0x00000000ff000000, 0x00000000ff100000, 0x00000000ff100000|100%| O|  |TAMS 0x00000000ff000000, 0x00000000ff000000| Untracked 
|2033|0x00000000ff100000, 0x00000000ff200000, 0x00000000ff200000|100%| O|  |TAMS 0x00000000ff100000, 0x00000000ff100000| Untracked 
|2034|0x00000000ff200000, 0x00000000ff300000, 0x00000000ff300000|100%| O|  |TAMS 0x00000000ff200000, 0x00000000ff200000| Untracked 
|2035|0x00000000ff300000, 0x00000000ff400000, 0x00000000ff400000|100%| O|  |TAMS 0x00000000ff300000, 0x00000000ff300000| Untracked 
|2036|0x00000000ff400000, 0x00000000ff500000, 0x00000000ff500000|100%| O|  |TAMS 0x00000000ff400000, 0x00000000ff400000| Untracked 
|2037|0x00000000ff500000, 0x00000000ff600000, 0x00000000ff600000|100%| O|  |TAMS 0x00000000ff500000, 0x00000000ff500000| Untracked 
|2038|0x00000000ff600000, 0x00000000ff700000, 0x00000000ff700000|100%| O|  |TAMS 0x00000000ff600000, 0x00000000ff600000| Untracked 
|2039|0x00000000ff700000, 0x00000000ff800000, 0x00000000ff800000|100%| O|  |TAMS 0x00000000ff700000, 0x00000000ff700000| Untracked 
|2040|0x00000000ff800000, 0x00000000ff900000, 0x00000000ff900000|100%| O|  |TAMS 0x00000000ff800000, 0x00000000ff800000| Untracked 
|2041|0x00000000ff900000, 0x00000000ffa00000, 0x00000000ffa00000|100%| O|  |TAMS 0x00000000ffa00000, 0x00000000ff900000| Untracked 
|2042|0x00000000ffa00000, 0x00000000ffb00000, 0x00000000ffb00000|100%| O|  |TAMS 0x00000000ffb00000, 0x00000000ffa00000| Untracked 
|2043|0x00000000ffb00000, 0x00000000ffc00000, 0x00000000ffc00000|100%| O|  |TAMS 0x00000000ffc00000, 0x00000000ffb00000| Untracked 
|2044|0x00000000ffc00000, 0x00000000ffd00000, 0x00000000ffd00000|100%| O|  |TAMS 0x00000000ffd00000, 0x00000000ffc00000| Untracked 
|2045|0x00000000ffd00000, 0x00000000ffe00000, 0x00000000ffe00000|100%| O|  |TAMS 0x00000000ffe00000, 0x00000000ffd00000| Untracked 
|2046|0x00000000ffe00000, 0x00000000fff00000, 0x00000000fff00000|100%| O|  |TAMS 0x00000000fff00000, 0x00000000ffe00000| Untracked 
|2047|0x00000000fff00000, 0x0000000100000000, 0x0000000100000000|100%| O|  |TAMS 0x0000000100000000, 0x00000000fff00000| Untracked 

Card table byte_map: [0x0000019f6e3a0000,0x0000019f6e7a0000] _byte_map_base: 0x0000019f6dfa0000

Marking Bits (Prev, Next): (CMBitMap*) 0x0000019f55557400, (CMBitMap*) 0x0000019f55557440
 Prev Bits: [0x0000019f6eba0000, 0x0000019f70ba0000)
 Next Bits: [0x0000019f70ba0000, 0x0000019f72ba0000)

Polling page: 0x0000019f55240000

Metaspace:

Usage:
  Non-class:    111.26 MB used.
      Class:     17.61 MB used.
       Both:    128.87 MB used.

Virtual space:
  Non-class space:      120.00 MB reserved,     111.81 MB ( 93%) committed,  15 nodes.
      Class space:        1.00 GB reserved,      18.06 MB (  2%) committed,  1 nodes.
             Both:        1.12 GB reserved,     129.88 MB ( 11%) committed. 

Chunk freelists:
   Non-Class:  3.47 MB
       Class:  1.95 MB
        Both:  5.42 MB

MaxMetaspaceSize: unlimited
CompressedClassSpaceSize: 1.00 GB
Initial GC threshold: 21.00 MB
Current GC threshold: 151.50 MB
CDS: on
MetaspaceReclaimPolicy: balanced
 - commit_granule_bytes: 65536.
 - commit_granule_words: 8192.
 - virtual_space_node_default_size: 1048576.
 - enlarge_chunks_in_place: 1.
 - new_chunks_are_fully_committed: 0.
 - uncommit_free_chunks: 1.
 - use_allocation_guard: 0.
 - handle_deallocations: 1.


Internal statistics:

num_allocs_failed_limit: 6.
num_arena_births: 1588.
num_arena_deaths: 0.
num_vsnodes_births: 16.
num_vsnodes_deaths: 0.
num_space_committed: 2076.
num_space_uncommitted: 0.
num_chunks_returned_to_freelist: 6.
num_chunks_taken_from_freelist: 7263.
num_chunk_merges: 6.
num_chunk_splits: 4756.
num_chunks_enlarged: 3171.
num_purges: 0.
num_inconsistent_stats: 0.

CodeHeap 'non-profiled nmethods': size=120000Kb used=12837Kb max_used=12837Kb free=107162Kb
 bounds [0x0000019f65dd0000, 0x0000019f66a70000, 0x0000019f6d300000]
CodeHeap 'profiled nmethods': size=120000Kb used=49497Kb max_used=49497Kb free=70502Kb
 bounds [0x0000019f5e8a0000, 0x0000019f61900000, 0x0000019f65dd0000]
CodeHeap 'non-nmethods': size=5760Kb used=2498Kb max_used=2592Kb free=3261Kb
 bounds [0x0000019f5e300000, 0x0000019f5e590000, 0x0000019f5e8a0000]
 total_blobs=22898 nmethods=21875 adapters=933
 compilation: enabled
              stopped_count=0, restarted_count=0
 full_count=0

Compilation events (20 events):
Event: 57.323 Thread 0x0000019f75889660 27552       2       org.gradle.internal.snapshot.PartialDirectoryNode::getSnapshot (7 bytes)
Event: 57.324 Thread 0x0000019f75889660 nmethod 27552 0x0000019f61664890 code [0x0000019f61664a20, 0x0000019f61664bd8]
Event: 57.324 Thread 0x0000019f75889660 27553       1       org.gradle.internal.snapshot.EmptyChildMap::size (2 bytes)
Event: 57.324 Thread 0x0000019f75889660 nmethod 27553 0x0000019f66883590 code [0x0000019f66883720, 0x0000019f668837f8]
Event: 57.325 Thread 0x0000019f75889660 27554       1       com.android.tools.r8.internal.vk1::B (5 bytes)
Event: 57.325 Thread 0x0000019f75889660 nmethod 27554 0x0000019f66883290 code [0x0000019f66883420, 0x0000019f668834f8]
Event: 57.329 Thread 0x0000019f75889660 27555 % !   3       java.util.concurrent.ConcurrentHashMap::putVal @ 212 (432 bytes)
Event: 57.331 Thread 0x0000019f75889660 nmethod 27555% 0x0000019f618ed510 code [0x0000019f618ed880, 0x0000019f618ef808]
Event: 57.332 Thread 0x0000019f75889660 27556   !   3       java.util.concurrent.ConcurrentHashMap::putVal (432 bytes)
Event: 57.333 Thread 0x0000019f75889660 nmethod 27556 0x0000019f618f0290 code [0x0000019f618f05e0, 0x0000019f618f2128]
Event: 57.353 Thread 0x0000019f75889660 27557       2       com.android.tools.r8.graph.nc::c (4 bytes)
Event: 57.353 Thread 0x0000019f75889660 nmethod 27557 0x0000019f6173a190 code [0x0000019f6173a340, 0x0000019f6173a5f8]
Event: 57.361 Thread 0x0000019f75889660 27558       2       com.android.tools.r8.internal.a00::B2 (13 bytes)
Event: 57.361 Thread 0x0000019f75889660 nmethod 27558 0x0000019f6129de10 code [0x0000019f6129dfa0, 0x0000019f6129e0f8]
Event: 57.460 Thread 0x0000019f75889660 27562 %     3       com.android.tools.r8.internal.na3::f @ 21 (167 bytes)
Event: 57.460 Thread 0x0000019f75889660 nmethod 27562% 0x0000019f618f2a90 code [0x0000019f618f2cc0, 0x0000019f618f3718]
Event: 57.511 Thread 0x0000019f75889660 27565 %     3       com.android.tools.r8.internal.jd4::a @ 71 (141 bytes)
Event: 57.512 Thread 0x0000019f75889660 nmethod 27565% 0x0000019f618f3a90 code [0x0000019f618f3d80, 0x0000019f618f5298]
Event: 57.513 Thread 0x0000019f75889660 27566       3       com.android.tools.r8.internal.jd4::a (141 bytes)
Event: 57.514 Thread 0x0000019f75889660 nmethod 27566 0x0000019f618f5790 code [0x0000019f618f5a80, 0x0000019f618f6f88]

GC Heap History (20 events):
Event: 55.220 GC heap after
{Heap after GC invocations=105 (full 0):
 garbage-first heap   total 739328K, used 497575K [0x0000000080000000, 0x0000000100000000)
  region size 1024K, 9 young (9216K), 9 survivors (9216K)
 Metaspace       used 131796K, committed 132736K, reserved 1171456K
  class space    used 18027K, committed 18496K, reserved 1048576K
}
Event: 55.455 GC heap before
{Heap before GC invocations=105 (full 0):
 garbage-first heap   total 739328K, used 654247K [0x0000000080000000, 0x0000000100000000)
  region size 1024K, 161 young (164864K), 9 survivors (9216K)
 Metaspace       used 131811K, committed 132800K, reserved 1171456K
  class space    used 18027K, committed 18496K, reserved 1048576K
}
Event: 55.462 GC heap after
{Heap after GC invocations=106 (full 0):
 garbage-first heap   total 739328K, used 495247K [0x0000000080000000, 0x0000000100000000)
  region size 1024K, 7 young (7168K), 7 survivors (7168K)
 Metaspace       used 131811K, committed 132800K, reserved 1171456K
  class space    used 18027K, committed 18496K, reserved 1048576K
}
Event: 55.839 GC heap before
{Heap before GC invocations=106 (full 0):
 garbage-first heap   total 739328K, used 656015K [0x0000000080000000, 0x0000000100000000)
  region size 1024K, 162 young (165888K), 7 survivors (7168K)
 Metaspace       used 131840K, committed 132864K, reserved 1171456K
  class space    used 18027K, committed 18496K, reserved 1048576K
}
Event: 55.846 GC heap after
{Heap after GC invocations=107 (full 0):
 garbage-first heap   total 739328K, used 497595K [0x0000000080000000, 0x0000000100000000)
  region size 1024K, 9 young (9216K), 9 survivors (9216K)
 Metaspace       used 131840K, committed 132864K, reserved 1171456K
  class space    used 18027K, committed 18496K, reserved 1048576K
}
Event: 56.055 GC heap before
{Heap before GC invocations=107 (full 0):
 garbage-first heap   total 739328K, used 653243K [0x0000000080000000, 0x0000000100000000)
  region size 1024K, 161 young (164864K), 9 survivors (9216K)
 Metaspace       used 131879K, committed 132928K, reserved 1171456K
  class space    used 18031K, committed 18496K, reserved 1048576K
}
Event: 56.062 GC heap after
{Heap after GC invocations=108 (full 0):
 garbage-first heap   total 739328K, used 497969K [0x0000000080000000, 0x0000000100000000)
  region size 1024K, 10 young (10240K), 10 survivors (10240K)
 Metaspace       used 131879K, committed 132928K, reserved 1171456K
  class space    used 18031K, committed 18496K, reserved 1048576K
}
Event: 56.260 GC heap before
{Heap before GC invocations=108 (full 0):
 garbage-first heap   total 739328K, used 652593K [0x0000000080000000, 0x0000000100000000)
  region size 1024K, 161 young (164864K), 10 survivors (10240K)
 Metaspace       used 131893K, committed 132928K, reserved 1171456K
  class space    used 18031K, committed 18496K, reserved 1048576K
}
Event: 56.265 GC heap after
{Heap after GC invocations=109 (full 0):
 garbage-first heap   total 739328K, used 497138K [0x0000000080000000, 0x0000000100000000)
  region size 1024K, 9 young (9216K), 9 survivors (9216K)
 Metaspace       used 131893K, committed 132928K, reserved 1171456K
  class space    used 18031K, committed 18496K, reserved 1048576K
}
Event: 56.524 GC heap before
{Heap before GC invocations=109 (full 0):
 garbage-first heap   total 739328K, used 653810K [0x0000000080000000, 0x0000000100000000)
  region size 1024K, 162 young (165888K), 9 survivors (9216K)
 Metaspace       used 131921K, committed 132928K, reserved 1171456K
  class space    used 18031K, committed 18496K, reserved 1048576K
}
Event: 56.530 GC heap after
{Heap after GC invocations=110 (full 0):
 garbage-first heap   total 739328K, used 497423K [0x0000000080000000, 0x0000000100000000)
  region size 1024K, 9 young (9216K), 9 survivors (9216K)
 Metaspace       used 131921K, committed 132928K, reserved 1171456K
  class space    used 18031K, committed 18496K, reserved 1048576K
}
Event: 56.877 GC heap before
{Heap before GC invocations=110 (full 0):
 garbage-first heap   total 739328K, used 654095K [0x0000000080000000, 0x0000000100000000)
  region size 1024K, 162 young (165888K), 9 survivors (9216K)
 Metaspace       used 131944K, committed 132928K, reserved 1171456K
  class space    used 18031K, committed 18496K, reserved 1048576K
}
Event: 56.885 GC heap after
{Heap after GC invocations=111 (full 0):
 garbage-first heap   total 739328K, used 501754K [0x0000000080000000, 0x0000000100000000)
  region size 1024K, 13 young (13312K), 13 survivors (13312K)
 Metaspace       used 131944K, committed 132928K, reserved 1171456K
  class space    used 18031K, committed 18496K, reserved 1048576K
}
Event: 57.112 GC heap before
{Heap before GC invocations=111 (full 0):
 garbage-first heap   total 739328K, used 651258K [0x0000000080000000, 0x0000000100000000)
  region size 1024K, 158 young (161792K), 13 survivors (13312K)
 Metaspace       used 131961K, committed 132992K, reserved 1171456K
  class space    used 18032K, committed 18496K, reserved 1048576K
}
Event: 57.132 GC heap after
{Heap after GC invocations=112 (full 0):
 garbage-first heap   total 739328K, used 514671K [0x0000000080000000, 0x0000000100000000)
  region size 1024K, 20 young (20480K), 20 survivors (20480K)
 Metaspace       used 131961K, committed 132992K, reserved 1171456K
  class space    used 18032K, committed 18496K, reserved 1048576K
}
Event: 57.277 GC heap before
{Heap before GC invocations=112 (full 0):
 garbage-first heap   total 739328K, used 637551K [0x0000000080000000, 0x0000000100000000)
  region size 1024K, 141 young (144384K), 20 survivors (20480K)
 Metaspace       used 131962K, committed 132992K, reserved 1171456K
  class space    used 18032K, committed 18496K, reserved 1048576K
}
Event: 57.297 GC heap after
{Heap after GC invocations=113 (full 0):
 garbage-first heap   total 739328K, used 529546K [0x0000000080000000, 0x0000000100000000)
  region size 1024K, 18 young (18432K), 18 survivors (18432K)
 Metaspace       used 131962K, committed 132992K, reserved 1171456K
  class space    used 18032K, committed 18496K, reserved 1048576K
}
Event: 57.406 GC heap before
{Heap before GC invocations=113 (full 0):
 garbage-first heap   total 739328K, used 631946K [0x0000000080000000, 0x0000000100000000)
  region size 1024K, 119 young (121856K), 18 survivors (18432K)
 Metaspace       used 131964K, committed 132992K, reserved 1171456K
  class space    used 18032K, committed 18496K, reserved 1048576K
}
Event: 57.427 GC heap after
{Heap after GC invocations=114 (full 0):
 garbage-first heap   total 739328K, used 545609K [0x0000000080000000, 0x0000000100000000)
  region size 1024K, 15 young (15360K), 15 survivors (15360K)
 Metaspace       used 131964K, committed 132992K, reserved 1171456K
  class space    used 18032K, committed 18496K, reserved 1048576K
}
Event: 57.516 GC heap before
{Heap before GC invocations=114 (full 0):
 garbage-first heap   total 739328K, used 634697K [0x0000000080000000, 0x0000000100000000)
  region size 1024K, 102 young (104448K), 15 survivors (15360K)
 Metaspace       used 131964K, committed 132992K, reserved 1171456K
  class space    used 18032K, committed 18496K, reserved 1048576K
}

Deoptimization events (20 events):
Event: 57.499 Thread 0x0000019f7bd8fb00 DEOPT PACKING pc=0x0000019f60dca6b3 sp=0x00000035a18f94c0
Event: 57.499 Thread 0x0000019f7bd8fb00 DEOPT UNPACKING pc=0x0000019f5e356763 sp=0x00000035a18f8a08 mode 0
Event: 57.499 Thread 0x0000019f7bd8fb00 DEOPT PACKING pc=0x0000019f60dca6b3 sp=0x00000035a18f9400
Event: 57.500 Thread 0x0000019f7bd8fb00 DEOPT UNPACKING pc=0x0000019f5e356763 sp=0x00000035a18f8948 mode 0
Event: 57.501 Thread 0x0000019f7bd8fb00 DEOPT PACKING pc=0x0000019f60dca6b3 sp=0x00000035a18f8bd0
Event: 57.501 Thread 0x0000019f7bd8fb00 DEOPT UNPACKING pc=0x0000019f5e356763 sp=0x00000035a18f8118 mode 0
Event: 57.501 Thread 0x0000019f7bd8fb00 DEOPT PACKING pc=0x0000019f60dca6b3 sp=0x00000035a18f9190
Event: 57.501 Thread 0x0000019f7bd8fb00 DEOPT UNPACKING pc=0x0000019f5e356763 sp=0x00000035a18f86d8 mode 0
Event: 57.502 Thread 0x0000019f7bd8fb00 DEOPT PACKING pc=0x0000019f60dca6b3 sp=0x00000035a18f9190
Event: 57.502 Thread 0x0000019f7bd8fb00 DEOPT UNPACKING pc=0x0000019f5e356763 sp=0x00000035a18f86d8 mode 0
Event: 57.502 Thread 0x0000019f7bd8fb00 DEOPT PACKING pc=0x0000019f60dca6b3 sp=0x00000035a18f9190
Event: 57.502 Thread 0x0000019f7bd8fb00 DEOPT UNPACKING pc=0x0000019f5e356763 sp=0x00000035a18f86d8 mode 0
Event: 57.502 Thread 0x0000019f7bd8fb00 DEOPT PACKING pc=0x0000019f60dca6b3 sp=0x00000035a18f9190
Event: 57.502 Thread 0x0000019f7bd8fb00 DEOPT UNPACKING pc=0x0000019f5e356763 sp=0x00000035a18f86d8 mode 0
Event: 57.504 Thread 0x0000019f7bd8fb00 DEOPT PACKING pc=0x0000019f60dca6b3 sp=0x00000035a18f9100
Event: 57.504 Thread 0x0000019f7bd8fb00 DEOPT UNPACKING pc=0x0000019f5e356763 sp=0x00000035a18f8648 mode 0
Event: 57.504 Thread 0x0000019f7bd8fb00 DEOPT PACKING pc=0x0000019f60dca6b3 sp=0x00000035a18f9240
Event: 57.504 Thread 0x0000019f7bd8fb00 DEOPT UNPACKING pc=0x0000019f5e356763 sp=0x00000035a18f8788 mode 0
Event: 57.505 Thread 0x0000019f7bd8fb00 DEOPT PACKING pc=0x0000019f60dca6b3 sp=0x00000035a18f9380
Event: 57.505 Thread 0x0000019f7bd8fb00 DEOPT UNPACKING pc=0x0000019f5e356763 sp=0x00000035a18f88c8 mode 0

Classes unloaded (0 events):
No events

Classes redefined (0 events):
No events

Internal exceptions (20 events):
Event: 56.861 Thread 0x0000019f7bd904a0 Exception <a 'sun/nio/fs/WindowsException'{0x00000000a1f1ab10}> (0x00000000a1f1ab10) 
thrown [t:\workspace\open\src\hotspot\share\prims\jni.cpp, line 516]
Event: 56.875 Thread 0x0000019f7bd92180 Exception <a 'sun/nio/fs/WindowsException'{0x00000000a11c2200}> (0x00000000a11c2200) 
thrown [t:\workspace\open\src\hotspot\share\prims\jni.cpp, line 516]
Event: 56.897 Thread 0x0000019f7bd92180 Exception <a 'sun/nio/fs/WindowsException'{0x00000000a970a5d0}> (0x00000000a970a5d0) 
thrown [t:\workspace\open\src\hotspot\share\prims\jni.cpp, line 516]
Event: 56.905 Thread 0x0000019f7bb39550 Exception <a 'sun/nio/fs/WindowsException'{0x00000000a9320eb8}> (0x00000000a9320eb8) 
thrown [t:\workspace\open\src\hotspot\share\prims\jni.cpp, line 516]
Event: 56.933 Thread 0x0000019f7bd951a0 Exception <a 'sun/nio/fs/WindowsException'{0x00000000a7e65428}> (0x00000000a7e65428) 
thrown [t:\workspace\open\src\hotspot\share\prims\jni.cpp, line 516]
Event: 56.942 Thread 0x0000019f7bd964e0 Exception <a 'sun/nio/fs/WindowsException'{0x00000000a7edab38}> (0x00000000a7edab38) 
thrown [t:\workspace\open\src\hotspot\share\prims\jni.cpp, line 516]
Event: 56.946 Thread 0x0000019f7bd91cb0 Exception <a 'sun/nio/fs/WindowsException'{0x00000000a76a7830}> (0x00000000a76a7830) 
thrown [t:\workspace\open\src\hotspot\share\prims\jni.cpp, line 516]
Event: 56.951 Thread 0x0000019f7bd90970 Exception <a 'sun/nio/fs/WindowsException'{0x00000000a72e3df8}> (0x00000000a72e3df8) 
thrown [t:\workspace\open\src\hotspot\share\prims\jni.cpp, line 516]
Event: 56.967 Thread 0x0000019f7bb3d3e0 Exception <a 'sun/nio/fs/WindowsException'{0x00000000a6f33b98}> (0x00000000a6f33b98) 
thrown [t:\workspace\open\src\hotspot\share\prims\jni.cpp, line 516]
Event: 56.984 Thread 0x0000019f7bd904a0 Exception <a 'sun/nio/fs/WindowsException'{0x00000000a628d5e0}> (0x00000000a628d5e0) 
thrown [t:\workspace\open\src\hotspot\share\prims\jni.cpp, line 516]
Event: 56.988 Thread 0x0000019f7bd8fb00 Exception <a 'sun/nio/fs/WindowsException'{0x00000000a6181708}> (0x00000000a6181708) 
thrown [t:\workspace\open\src\hotspot\share\prims\jni.cpp, line 516]
Event: 56.992 Thread 0x0000019f7bd904a0 Exception <a 'sun/nio/fs/WindowsException'{0x00000000a6061e50}> (0x00000000a6061e50) 
thrown [t:\workspace\open\src\hotspot\share\prims\jni.cpp, line 516]
Event: 57.020 Thread 0x0000019f7bb39550 Exception <a 'sun/nio/fs/WindowsException'{0x00000000a4bff150}> (0x00000000a4bff150) 
thrown [t:\workspace\open\src\hotspot\share\prims\jni.cpp, line 516]
Event: 57.026 Thread 0x0000019f7bd91cb0 Exception <a 'sun/nio/fs/WindowsException'{0x00000000a576f068}> (0x00000000a576f068) 
thrown [t:\workspace\open\src\hotspot\share\prims\jni.cpp, line 516]
Event: 57.033 Thread 0x0000019f7bd91cb0 Exception <a 'sun/nio/fs/WindowsException'{0x00000000a41c2800}> (0x00000000a41c2800) 
thrown [t:\workspace\open\src\hotspot\share\prims\jni.cpp, line 516]
Event: 57.037 Thread 0x0000019f7bb39550 Exception <a 'sun/nio/fs/WindowsException'{0x00000000a3e48a88}> (0x00000000a3e48a88) 
thrown [t:\workspace\open\src\hotspot\share\prims\jni.cpp, line 516]
Event: 57.109 Thread 0x0000019f7bd8f630 Exception <a 'sun/nio/fs/WindowsException'{0x00000000a1be79e8}> (0x00000000a1be79e8) 
thrown [t:\workspace\open\src\hotspot\share\prims\jni.cpp, line 516]
Event: 57.177 Thread 0x0000019f7a741bd0 Exception <a 'sun/nio/fs/WindowsException'{0x00000000a92c5068}> (0x00000000a92c5068) 
thrown [t:\workspace\open\src\hotspot\share\prims\jni.cpp, line 516]
Event: 57.191 Thread 0x0000019f7bd917e0 Exception <a 'sun/nio/fs/WindowsException'{0x00000000a8501178}> (0x00000000a8501178) 
thrown [t:\workspace\open\src\hotspot\share\prims\jni.cpp, line 516]
Event: 57.272 Thread 0x0000019f7bd90970 Exception <a 'sun/nio/fs/WindowsException'{0x00000000a3261118}> (0x00000000a3261118) 
thrown [t:\workspace\open\src\hotspot\share\prims\jni.cpp, line 516]

VM Operations (20 events):
Event: 55.462 Executing VM operation: G1CollectForAllocation done
Event: 55.839 Executing VM operation: G1CollectForAllocation
Event: 55.846 Executing VM operation: G1CollectForAllocation done
Event: 56.055 Executing VM operation: G1CollectForAllocation
Event: 56.062 Executing VM operation: G1CollectForAllocation done
Event: 56.260 Executing VM operation: G1CollectForAllocation
Event: 56.265 Executing VM operation: G1CollectForAllocation done
Event: 56.523 Executing VM operation: G1CollectForAllocation
Event: 56.530 Executing VM operation: G1CollectForAllocation done
Event: 56.876 Executing VM operation: G1CollectForAllocation
Event: 56.885 Executing VM operation: G1CollectForAllocation done
Event: 57.112 Executing VM operation: G1CollectForAllocation
Event: 57.133 Executing VM operation: G1CollectForAllocation done
Event: 57.180 Executing VM operation: HandshakeAllThreads
Event: 57.181 Executing VM operation: HandshakeAllThreads done
Event: 57.276 Executing VM operation: G1CollectForAllocation
Event: 57.297 Executing VM operation: G1CollectForAllocation done
Event: 57.405 Executing VM operation: G1CollectForAllocation
Event: 57.427 Executing VM operation: G1CollectForAllocation done
Event: 57.516 Executing VM operation: G1CollectForAllocation

Events (20 events):
Event: 53.436 Thread 0x0000019f75892d30 flushing nmethod 0x0000019f608b0b10
Event: 53.437 Thread 0x0000019f75892d30 flushing nmethod 0x0000019f60945f10
Event: 53.438 Thread 0x0000019f75892d30 flushing nmethod 0x0000019f609b3110
Event: 53.438 Thread 0x0000019f75892d30 flushing nmethod 0x0000019f60a01190
Event: 53.443 Thread 0x0000019f75892d30 flushing nmethod 0x0000019f610ef690
Event: 53.444 Thread 0x0000019f75892d30 flushing nmethod 0x0000019f61270f10
Event: 53.445 Thread 0x0000019f75892d30 flushing nmethod 0x0000019f612db990
Event: 53.445 Thread 0x0000019f75892d30 flushing nmethod 0x0000019f61315110
Event: 53.446 Thread 0x0000019f75892d30 flushing nmethod 0x0000019f614dcd10
Event: 53.446 Thread 0x0000019f75892d30 flushing nmethod 0x0000019f614dd310
Event: 53.447 Thread 0x0000019f75892d30 flushing nmethod 0x0000019f61514a90
Event: 53.447 Thread 0x0000019f75892d30 flushing nmethod 0x0000019f61594b10
Event: 53.449 Thread 0x0000019f75892d30 flushing nmethod 0x0000019f616ebe10
Event: 57.200 Thread 0x0000019f75892d30 flushing nmethod 0x0000019f66729d90
Event: 57.202 Thread 0x0000019f75892d30 flushing nmethod 0x0000019f66879310
Event: 57.298 Thread 0x0000019f75892d30 flushing nmethod 0x0000019f6066a490
Event: 57.304 Thread 0x0000019f75892d30 flushing nmethod 0x0000019f60b72e90
Event: 57.313 Thread 0x0000019f75892d30 flushing nmethod 0x0000019f6129d690
Event: 57.317 Thread 0x0000019f75892d30 flushing nmethod 0x0000019f61664890
Event: 57.318 Thread 0x0000019f75892d30 flushing nmethod 0x0000019f6173a190


Dynamic libraries:
0x00007ff753ff0000 - 0x00007ff754000000 	C:\Program Files\Java\jdk-17\bin\java.exe
0x00007ffdae3c0000 - 0x00007ffdae627000 	C:\WINDOWS\SYSTEM32\ntdll.dll
0x00007ffdacb50000 - 0x00007ffdacc19000 	C:\WINDOWS\System32\KERNEL32.DLL
0x00007ffdaba30000 - 0x00007ffdabe24000 	C:\WINDOWS\System32\KERNELBASE.dll
0x00007ffdab6e0000 - 0x00007ffdab82b000 	C:\WINDOWS\System32\ucrtbase.dll
0x00007ffd75f70000 - 0x00007ffd75f8a000 	C:\Program Files\Java\jdk-17\bin\VCRUNTIME140.dll
0x00007ffd75c40000 - 0x00007ffd75c58000 	C:\Program Files\Java\jdk-17\bin\jli.dll
0x00007ffdad0e0000 - 0x00007ffdad196000 	C:\WINDOWS\System32\ADVAPI32.dll
0x00007ffdad370000 - 0x00007ffdad419000 	C:\WINDOWS\System32\msvcrt.dll
0x00007ffdae020000 - 0x00007ffdae0c7000 	C:\WINDOWS\System32\sechost.dll
0x00007ffdac490000 - 0x00007ffdac5a8000 	C:\WINDOWS\System32\RPCRT4.dll
0x00007ffdad1a0000 - 0x00007ffdad365000 	C:\WINDOWS\System32\USER32.dll
0x00007ffdac120000 - 0x00007ffdac147000 	C:\WINDOWS\System32\win32u.dll
0x00007ffd8de80000 - 0x00007ffd8e113000 	C:\WINDOWS\WinSxS\amd64_microsoft.windows.common-controls_6595b64144ccf1df_6.0.26100.8115_none_3e075c82e3354f9c\COMCTL32.dll
0x00007ffdae2e0000 - 0x00007ffdae30b000 	C:\WINDOWS\System32\GDI32.dll
0x00007ffdab5b0000 - 0x00007ffdab6db000 	C:\WINDOWS\System32\gdi32full.dll
0x00007ffdab980000 - 0x00007ffdaba23000 	C:\WINDOWS\System32\msvcp_win.dll
0x00007ffda1b20000 - 0x00007ffda1b2b000 	C:\WINDOWS\SYSTEM32\VERSION.dll
0x00007ffdacfb0000 - 0x00007ffdacfe2000 	C:\WINDOWS\System32\IMM32.DLL
0x00007ffd7eea0000 - 0x00007ffd7eeac000 	C:\Program Files\Java\jdk-17\bin\vcruntime140_1.dll
0x00007ffd6f920000 - 0x00007ffd6f9ad000 	C:\Program Files\Java\jdk-17\bin\msvcp140.dll
0x00007ffd0dec0000 - 0x00007ffd0ea7e000 	C:\Program Files\Java\jdk-17\bin\server\jvm.dll
0x00007ffdac7e0000 - 0x00007ffdac7e8000 	C:\WINDOWS\System32\PSAPI.DLL
0x00007ffd8ce60000 - 0x00007ffd8ce6a000 	C:\WINDOWS\SYSTEM32\WSOCK32.dll
0x00007ffd96c30000 - 0x00007ffd96c66000 	C:\WINDOWS\SYSTEM32\WINMM.dll
0x00007ffdaca40000 - 0x00007ffdacac0000 	C:\WINDOWS\System32\WS2_32.dll
0x00007ffda9a20000 - 0x00007ffda9a3b000 	C:\WINDOWS\SYSTEM32\kernel.appcore.dll
0x00007ffd7c630000 - 0x00007ffd7c63a000 	C:\Program Files\Java\jdk-17\bin\jimage.dll
0x00007ffda0ce0000 - 0x00007ffda0f22000 	C:\WINDOWS\SYSTEM32\DBGHELP.DLL
0x00007ffdacc20000 - 0x00007ffdacfa2000 	C:\WINDOWS\System32\combase.dll
0x00007ffdad000000 - 0x00007ffdad0d8000 	C:\WINDOWS\System32\OLEAUT32.dll
0x00007ffd7d4e0000 - 0x00007ffd7d51b000 	C:\WINDOWS\SYSTEM32\dbgcore.DLL
0x00007ffdaac90000 - 0x00007ffdaad35000 	C:\WINDOWS\System32\bcryptPrimitives.dll
0x00007ffd7bab0000 - 0x00007ffd7babe000 	C:\Program Files\Java\jdk-17\bin\instrument.dll
0x00007ffd75c10000 - 0x00007ffd75c35000 	C:\Program Files\Java\jdk-17\bin\java.dll
0x00007ffd30820000 - 0x00007ffd308f6000 	C:\Program Files\Java\jdk-17\bin\svml.dll
0x00007ffdad8b0000 - 0x00007ffdae017000 	C:\WINDOWS\System32\SHELL32.dll
0x00007ffdabfb0000 - 0x00007ffdac11a000 	C:\WINDOWS\System32\wintypes.dll
0x00007ffdaad40000 - 0x00007ffdab5a8000 	C:\WINDOWS\System32\windows.storage.dll
0x00007ffdac2b0000 - 0x00007ffdac3a8000 	C:\WINDOWS\System32\SHCORE.dll
0x00007ffdae310000 - 0x00007ffdae376000 	C:\WINDOWS\System32\shlwapi.dll
0x00007ffdaabb0000 - 0x00007ffdaabd9000 	C:\WINDOWS\SYSTEM32\profapi.dll
0x00007ffd691e0000 - 0x00007ffd691f8000 	C:\Program Files\Java\jdk-17\bin\zip.dll
0x00007ffd48150000 - 0x00007ffd48169000 	C:\Program Files\Java\jdk-17\bin\net.dll
0x00007ffda3eb0000 - 0x00007ffda3fdd000 	C:\WINDOWS\SYSTEM32\WINHTTP.dll
0x00007ffda9f90000 - 0x00007ffda9ffc000 	C:\WINDOWS\system32\mswsock.dll
0x00007ffd48130000 - 0x00007ffd48145000 	C:\Program Files\Java\jdk-17\bin\nio.dll
0x00007ffd7ba50000 - 0x00007ffd7ba60000 	C:\Program Files\Java\jdk-17\bin\verify.dll
0x00007ffd7f080000 - 0x00007ffd7f0a7000 	C:\Users\Juan\.gradle\native\1def1411415f61bf3af743bc5b6707747c0891f09f0c88961ee8f79bc544acac\windows-amd64\native-platform.dll
0x00007ffd43030000 - 0x00007ffd430a8000 	C:\Users\Juan\.gradle\native\0.2.7\x86_64-windows-gnu\gradle-fileevents.dll
0x00007ffd7b7b0000 - 0x00007ffd7b7b9000 	C:\Program Files\Java\jdk-17\bin\management.dll
0x00007ffd7b770000 - 0x00007ffd7b77b000 	C:\Program Files\Java\jdk-17\bin\management_ext.dll
0x00007ffda94b0000 - 0x00007ffda94e2000 	C:\WINDOWS\SYSTEM32\IPHLPAPI.DLL
0x00007ffdacff0000 - 0x00007ffdacffa000 	C:\WINDOWS\System32\NSI.dll
0x00007ffda5150000 - 0x00007ffda516d000 	C:\WINDOWS\SYSTEM32\dhcpcsvc6.DLL
0x00007ffda5120000 - 0x00007ffda5145000 	C:\WINDOWS\SYSTEM32\dhcpcsvc.DLL
0x00007ffda94f0000 - 0x00007ffda9622000 	C:\WINDOWS\SYSTEM32\DNSAPI.dll
0x00007ffdaa280000 - 0x00007ffdaa29b000 	C:\WINDOWS\SYSTEM32\CRYPTSP.dll
0x00007ffda9980000 - 0x00007ffda99b9000 	C:\WINDOWS\system32\rsaenh.dll
0x00007ffdaa040000 - 0x00007ffdaa073000 	C:\WINDOWS\SYSTEM32\USERENV.dll
0x00007ffdaab80000 - 0x00007ffdaabaa000 	C:\WINDOWS\SYSTEM32\bcrypt.dll
0x00007ffdaa270000 - 0x00007ffdaa27c000 	C:\WINDOWS\SYSTEM32\CRYPTBASE.dll
0x00007ffd7b410000 - 0x00007ffd7b41e000 	C:\Program Files\Java\jdk-17\bin\sunmscapi.dll
0x00007ffdabe30000 - 0x00007ffdabfa7000 	C:\WINDOWS\System32\CRYPT32.dll
0x00007ffdaa490000 - 0x00007ffdaa4c0000 	C:\WINDOWS\SYSTEM32\ncrypt.dll
0x00007ffdaa440000 - 0x00007ffdaa47f000 	C:\WINDOWS\SYSTEM32\NTASN1.dll
0x00007ffd7c620000 - 0x00007ffd7c628000 	C:\WINDOWS\system32\wshunix.dll
0x00007ffda9b40000 - 0x00007ffda9b76000 	C:\WINDOWS\SYSTEM32\ntmarta.dll

dbghelp: loaded successfully - version: 4.0.5 - missing functions: none
symbol engine: initialized successfully - sym options: 0x614 - pdb path: .;C:\Program Files\Java\jdk-17\bin;C:\WINDOWS\SYSTEM32;C:\WINDOWS\WinSxS\amd64_microsoft.windows.common-controls_6595b64144ccf1df_6.0.26100.8115_none_3e075c82e3354f9c;C:\Program Files\Java\jdk-17\bin\server;C:\Users\Juan\.gradle\native\1def1411415f61bf3af743bc5b6707747c0891f09f0c88961ee8f79bc544acac\windows-amd64;C:\Users\Juan\.gradle\native\0.2.7\x86_64-windows-gnu

VM Arguments:
jvm_args: --add-opens=java.base/java.lang=ALL-UNNAMED --add-opens=java.base/java.lang.invoke=ALL-UNNAMED --add-opens=java.base/java.util=ALL-UNNAMED --add-opens=java.prefs/java.util.prefs=ALL-UNNAMED --add-exports=jdk.compiler/com.sun.tools.javac.api=ALL-UNNAMED --add-exports=jdk.compiler/com.sun.tools.javac.util=ALL-UNNAMED --add-opens=java.base/java.util=ALL-UNNAMED --add-opens=java.prefs/java.util.prefs=ALL-UNNAMED --add-opens=java.base/java.nio.charset=ALL-UNNAMED --add-opens=java.base/java.net=ALL-UNNAMED --add-opens=java.base/java.util.concurrent.atomic=ALL-UNNAMED --add-opens=java.xml/javax.xml.namespace=ALL-UNNAMED -Xmx2048m -Dfile.encoding=UTF-8 -Duser.country=MX -Duser.language=es -Duser.variant -javaagent:C:\Users\Juan\.gradle\wrapper\dists\gradle-8.13-bin\5xuhj0ry160q40clulazy9h7d\gradle-8.13\lib\agents\gradle-instrumentation-agent-8.13.jar 
java_command: org.gradle.launcher.daemon.bootstrap.GradleDaemon 8.13
java_class_path (initial): C:\Users\Juan\.gradle\wrapper\dists\gradle-8.13-bin\5xuhj0ry160q40clulazy9h7d\gradle-8.13\lib\gradle-daemon-main-8.13.jar
Launcher Type: SUN_STANDARD

[Global flags]
     intx CICompilerCount                          = 4                                         {product} {ergonomic}
     uint ConcGCThreads                            = 3                                         {product} {ergonomic}
     uint G1ConcRefinementThreads                  = 10                                        {product} {ergonomic}
   size_t G1HeapRegionSize                         = 1048576                                   {product} {ergonomic}
    uintx GCDrainStackTargetSize                   = 64                                        {product} {ergonomic}
   size_t InitialHeapSize                          = 123731968                                 {product} {ergonomic}
   size_t MarkStackSize                            = 4194304                                   {product} {ergonomic}
   size_t MaxHeapSize                              = 2147483648                                {product} {command line}
   size_t MaxNewSize                               = 1287651328                                {product} {ergonomic}
   size_t MinHeapDeltaBytes                        = 1048576                                   {product} {ergonomic}
   size_t MinHeapSize                              = 8388608                                   {product} {ergonomic}
    uintx NonNMethodCodeHeapSize                   = 5839372                                {pd product} {ergonomic}
    uintx NonProfiledCodeHeapSize                  = 122909434                              {pd product} {ergonomic}
    uintx ProfiledCodeHeapSize                     = 122909434                              {pd product} {ergonomic}
    uintx ReservedCodeCacheSize                    = 251658240                              {pd product} {ergonomic}
     bool SegmentedCodeCache                       = true                                      {product} {ergonomic}
   size_t SoftMaxHeapSize                          = 2147483648                             {manageable} {ergonomic}
     bool UseCompressedClassPointers               = true                           {product lp64_product} {ergonomic}
     bool UseCompressedOops                        = true                           {product lp64_product} {ergonomic}
     bool UseG1GC                                  = true                                      {product} {ergonomic}
     bool UseLargePagesIndividualAllocation        = false                                  {pd product} {ergonomic}

Logging:
Log output configuration:
 #0: stdout all=warning uptime,level,tags
 #1: stderr all=off uptime,level,tags

Environment Variables:
PATH=C:\Python314\Scripts\;C:\Python314\;C:\Program Files\Common Files\Oracle\Java\javapath;C:\Program Files (x86)\Common Files\Oracle\Java\java8path;C:\Program Files (x86)\Common Files\Oracle\Java\javapath;C:\windows\system32;C:\windows;C:\windows\System32\Wbem;C:\windows\System32\WindowsPowerShell\v1.0\;C:\windows\System32\OpenSSH\;C:\Program Files (x86)\NVIDIA Corporation\PhysX\Common;C:\Program Files\NVIDIA Corporation\NVIDIA NvDLISR;C:\Users\Administrator\AppData\Local\Microsoft\WindowsApps;C:\Program Files\HP\OMEN-Broadcast\Common;C:\WINDOWS\system32;C:\WINDOWS;C:\WINDOWS\System32\Wbem;C:\WINDOWS\System32\WindowsPowerShell\v1.0\;C:\WINDOWS\System32\OpenSSH\;C:\Program Files (x86)\Java\jre1.8.0_441\legal\jdk;C:\ProgramData\chocolatey\bin;C:\Program Files\nodejs\;C:\Program Files\MySQL\MySQL Shell 8.0\bin\;C:\Users\Juan\AppData\Local\Programs\Python\Python313\Scripts\;C:\Users\Juan\AppData\Local\Programs\Python\Python313\;C:\Users\Juan\AppData\Local\Programs\Python\Launcher\;C:\Users\Juan\AppData\Local\Microsoft\WindowsApps;C:\Users\Juan\AppData\Local\Programs\Microsoft VS Code\bin;C:\flutter\bin;C:\Users\Juan\AppData\Roaming\npm
USERNAME=Juan
OS=Windows_NT
PROCESSOR_IDENTIFIER=AMD64 Family 25 Model 117 Stepping 2, AuthenticAMD



---------------  S Y S T E M  ---------------

OS:
 Windows 10 , 64 bit Build 26100 (10.0.26100.8246)
OS uptime: 0 days 17:33 hours
Hyper-V role detected

CPU: total 12 (initial active 12) (12 cores per cpu, 2 threads per core) family 25 model 117 stepping 2 microcode 0xa70520a, cx8, cmov, fxsr, ht, mmx, 3dnowpref, sse, sse2, sse3, ssse3, sse4a, sse4.1, sse4.2, popcnt, lzcnt, tsc, tscinvbit, avx, avx2, aes, erms, clmul, bmi1, bmi2, adx, avx512f, avx512dq, avx512cd, avx512bw, avx512vl, sha, fma, vzeroupper, avx512_vpopcntdq, avx512_vpclmulqdq, avx512_vaes, avx512_vnni, clflush, clflushopt, avx512_vbmi2, avx512_vbmi, hv

Memory: 4k page, system-wide physical 7439M (147M free)
TotalPageFile size 29967M (AvailPageFile size 38M)
current process WorkingSet (physical memory assigned to process): 459M, peak: 693M
current process commit charge ("private bytes"): 1254M, peak: 1782M

vm_info: Java HotSpot(TM) 64-Bit Server VM (17+35-LTS-2724) for windows-amd64 JRE (17+35-LTS-2724), built on Aug  5 2021 23:28:28 by "mach5one" with MS VC++ 16.8 (VS2019)

END.
