#
# There is insufficient memory for the Java Runtime Environment to continue.
# Native memory allocation (mmap) failed to map 56623104 bytes for G1 virtual space
# Possible reasons:
#   The system is out of physical RAM or swap space
#   The process is running with CompressedOops enabled, and the Java Heap may be blocking the growth of the native heap
# Possible solutions:
#   Reduce memory load on the system
#   Increase physical memory or swap space
#   Check if swap backing store is full
#   Decrease Java heap size (-Xmx/-Xms)
#   Decrease number of Java threads
#   Decrease Java thread stack sizes (-Xss)
#   Set larger code cache with -XX:ReservedCodeCacheSize=
#   JVM is running with Unscaled Compressed Oops mode in which the Java heap is
#     placed in the first 4GB address space. The Java Heap base address is the
#     maximum limit for the native heap growth. Please use -XX:HeapBaseMinAddress
#     to set the Java Heap base and to place the Java Heap above 4GB virtual address.
# This output file may be truncated or incomplete.
#
#  Out of Memory Error (os_windows.cpp:3603), pid=20396, tid=4996
#
# JRE version: Java(TM) SE Runtime Environment (21.0.6+8) (build 21.0.6+8-LTS-188)
# Java VM: Java HotSpot(TM) 64-Bit Server VM (21.0.6+8-LTS-188, mixed mode, sharing, tiered, compressed oops, compressed class ptrs, g1 gc, windows-amd64)
# No core dump will be written. Minidumps are not enabled by default on client versions of Windows
#

---------------  S U M M A R Y ------------

Command Line: --add-opens=java.base/java.lang=ALL-UNNAMED --add-opens=java.base/java.lang.invoke=ALL-UNNAMED --add-opens=java.base/java.util=ALL-UNNAMED --add-opens=java.prefs/java.util.prefs=ALL-UNNAMED --add-exports=jdk.compiler/com.sun.tools.javac.api=ALL-UNNAMED --add-exports=jdk.compiler/com.sun.tools.javac.util=ALL-UNNAMED --add-opens=java.base/java.util=ALL-UNNAMED --add-opens=java.prefs/java.util.prefs=ALL-UNNAMED --add-opens=java.base/java.nio.charset=ALL-UNNAMED --add-opens=java.base/java.net=ALL-UNNAMED --add-opens=java.base/java.util.concurrent.atomic=ALL-UNNAMED --add-opens=java.xml/javax.xml.namespace=ALL-UNNAMED -Xmx2048m -Dfile.encoding=UTF-8 -Duser.country=MX -Duser.language=es -Duser.variant -javaagent:C:\Users\Juan\.gradle\wrapper\dists\gradle-8.13-bin\5xuhj0ry160q40clulazy9h7d\gradle-8.13\lib\agents\gradle-instrumentation-agent-8.13.jar org.gradle.launcher.daemon.bootstrap.GradleDaemon 8.13

Host: AMD Ryzen 5 8645HS w/ Radeon 760M Graphics, 12 cores, 7G,  Windows 11 , 64 bit Build 26100 (10.0.26100.8246)
Time: Wed May 20 23:11:38 2026 Hora estándar central (México) elapsed time: 85.264893 seconds (0d 0h 1m 25s)

---------------  T H R E A D  ---------------

Current thread (0x000001fc683a04d0):  VMThread "VM Thread"          [id=4996, stack(0x0000006562a00000,0x0000006562b00000) (1024K)]

Stack: [0x0000006562a00000,0x0000006562b00000]
Native frames: (J=compiled Java code, j=interpreted, Vv=VM code, C=native code)
V  [jvm.dll+0x6ca6d9]
V  [jvm.dll+0x854f51]
V  [jvm.dll+0x85747e]
V  [jvm.dll+0x857b53]
V  [jvm.dll+0x27dcc6]
V  [jvm.dll+0x6c6e55]
V  [jvm.dll+0x6bb9da]
V  [jvm.dll+0x35393a]
V  [jvm.dll+0x35b596]
V  [jvm.dll+0x3adefe]
V  [jvm.dll+0x3ae1a8]
V  [jvm.dll+0x327cbc]
V  [jvm.dll+0x327d47]
V  [jvm.dll+0x36c60c]
V  [jvm.dll+0x36ae5e]
V  [jvm.dll+0x327481]
V  [jvm.dll+0x36a57a]
V  [jvm.dll+0x85d920]
V  [jvm.dll+0x85eca4]
V  [jvm.dll+0x85f1e0]
V  [jvm.dll+0x85f483]
V  [jvm.dll+0x7ff2fb]
V  [jvm.dll+0x6c8dbd]
C  [ucrtbase.dll+0x37b0]
C  [KERNEL32.DLL+0x2e8d7]
C  [ntdll.dll+0x8c3fc]

VM_Operation (0x00000065673f61a0): G1CollectForAllocation, mode: safepoint, requested by thread 0x000001fc706d7ad0


---------------  P R O C E S S  ---------------

Threads class SMR info:
_java_thread_list=0x000001fc794940d0, length=147, elements={
0x000001fc49214fa0, 0x000001fc683c1640, 0x000001fc683c2bc0, 0x000001fc683ca7e0,
0x000001fc683cb230, 0x000001fc683cbc80, 0x000001fc683cc6d0, 0x000001fc683d5b10,
0x000001fc68409590, 0x000001fc68614300, 0x000001fc68814e30, 0x000001fc6e542f80,
0x000001fc6e5e90a0, 0x000001fc6e66e800, 0x000001fc6e695a50, 0x000001fc6e7e9190,
0x000001fc6e869cd0, 0x000001fc6e867c00, 0x000001fc6e868290, 0x000001fc6e86a9f0,
0x000001fc6e86a360, 0x000001fc705564e0, 0x000001fc70555e50, 0x000001fc705536f0,
0x000001fc70557890, 0x000001fc706d32a0, 0x000001fc706d2c10, 0x000001fc706d3930,
0x000001fc706d4650, 0x000001fc70556b70, 0x000001fc70554aa0, 0x000001fc70555130,
0x000001fc70554410, 0x000001fc705585b0, 0x000001fc70559ff0, 0x000001fc70557f20,
0x000001fc70558c40, 0x000001fc7055a680, 0x000001fc70557200, 0x000001fc70559960,
0x000001fc73ac85b0, 0x000001fc73ac9960, 0x000001fc73ac92d0, 0x000001fc73ac8c40,
0x000001fc73acc0c0, 0x000001fc73ac9ff0, 0x000001fc73accde0, 0x000001fc73aceeb0,
0x000001fc73acdb00, 0x000001fc73acc750, 0x000001fc73aca680, 0x000001fc73acad10,
0x000001fc73acb3a0, 0x000001fc73ac7f20, 0x000001fc73acd470, 0x000001fc73ace820,
0x000001fc73ace190, 0x000001fc73acba30, 0x000001fc73acf540, 0x000001fc706d1ef0,
0x000001fc706d0b40, 0x000001fc706d2580, 0x000001fc712eadb0, 0x000001fc6e868fb0,
0x000001fc6e869640, 0x000001fc6e867570, 0x000001fc706d1860, 0x000001fc706d6db0,
0x000001fc706d7ad0, 0x000001fc70553060, 0x000001fc72ad98e0, 0x000001fc72ad8bc0,
0x000001fc72ada600, 0x000001fc72ad9f70, 0x000001fc72ad9250, 0x000001fc72adac90,
0x000001fc72adb320, 0x000001fc72adb9b0, 0x000001fc6f9c7280, 0x000001fc6f9cad90,
0x000001fc6f9cce60, 0x000001fc6f9cb420, 0x000001fc6f9cbab0, 0x000001fc6f9cc140,
0x000001fc6f9cc7d0, 0x000001fc725c9670, 0x000001fc725c8fe0, 0x000001fc725c82c0,
0x000001fc725cb0b0, 0x000001fc725ca390, 0x000001fc725cb740, 0x000001fc725c8950,
0x000001fc725c9d00, 0x000001fc725cc460, 0x000001fc725ce530, 0x000001fc725cebc0,
0x000001fc725cd180, 0x000001fc725cf250, 0x000001fc725cd810, 0x000001fc725ccaf0,
0x000001fc725cbdd0, 0x000001fc725cdea0, 0x000001fc6f9c7fa0, 0x000001fc6f9c7910,
0x000001fc6f9c8630, 0x000001fc6f9c5ed0, 0x000001fc6f9c6560, 0x000001fc6f9c8cc0,
0x000001fc6f9c5840, 0x000001fc6f9c9350, 0x000001fc6f9c99e0, 0x000001fc6f9ca070,
0x000001fc6f9c6bf0, 0x000001fc6f9ca700, 0x000001fc72ad8530, 0x000001fc737289b0,
0x000001fc73725bc0, 0x000001fc73726f70, 0x000001fc73729040, 0x000001fc73727600,
0x000001fc73728320, 0x000001fc73726250, 0x000001fc7372b110, 0x000001fc73729d60,
0x000001fc72adda80, 0x000001fc72ade110, 0x000001fc72adcd60, 0x000001fc72ade7a0,
0x000001fc72adee30, 0x000001fc72adf4c0, 0x000001fc72adc040, 0x000001fc72adfb50,
0x000001fc73724ea0, 0x000001fc7372c4c0, 0x000001fc7372be30, 0x000001fc7372aa80,
0x000001fc706d5370, 0x000001fc73c63e60, 0x000001fc73c62420, 0x000001fc73c61d90,
0x000001fc73c65210, 0x000001fc73c637d0, 0x000001fc73c62ab0, 0x000001fc73c658a0,
0x000001fc73c665c0, 0x000001fc73c65f30, 0x000001fc73c644f0
}

Java Threads: ( => current thread )
  0x000001fc49214fa0 JavaThread "main"                              [_thread_blocked, id=3044, stack(0x0000006562300000,0x0000006562400000) (1024K)]
  0x000001fc683c1640 JavaThread "Reference Handler"          daemon [_thread_blocked, id=5260, stack(0x0000006562b00000,0x0000006562c00000) (1024K)]
  0x000001fc683c2bc0 JavaThread "Finalizer"                  daemon [_thread_blocked, id=33520, stack(0x0000006562c00000,0x0000006562d00000) (1024K)]
  0x000001fc683ca7e0 JavaThread "Signal Dispatcher"          daemon [_thread_blocked, id=16836, stack(0x0000006562d00000,0x0000006562e00000) (1024K)]
  0x000001fc683cb230 JavaThread "Attach Listener"            daemon [_thread_blocked, id=3604, stack(0x0000006562e00000,0x0000006562f00000) (1024K)]
  0x000001fc683cbc80 JavaThread "Service Thread"             daemon [_thread_blocked, id=29868, stack(0x0000006562f00000,0x0000006563000000) (1024K)]
  0x000001fc683cc6d0 JavaThread "Monitor Deflation Thread"   daemon [_thread_blocked, id=29544, stack(0x0000006563000000,0x0000006563100000) (1024K)]
  0x000001fc683d5b10 JavaThread "C2 CompilerThread0"         daemon [_thread_blocked, id=11296, stack(0x0000006563100000,0x0000006563200000) (1024K)]
  0x000001fc68409590 JavaThread "C1 CompilerThread0"         daemon [_thread_blocked, id=15228, stack(0x0000006563200000,0x0000006563300000) (1024K)]
  0x000001fc68614300 JavaThread "Common-Cleaner"             daemon [_thread_blocked, id=32624, stack(0x0000006563300000,0x0000006563400000) (1024K)]
  0x000001fc68814e30 JavaThread "Notification Thread"        daemon [_thread_blocked, id=9468, stack(0x0000006563400000,0x0000006563500000) (1024K)]
  0x000001fc6e542f80 JavaThread "Daemon health stats"               [_thread_blocked, id=25924, stack(0x0000006563a00000,0x0000006563b00000) (1024K)]
  0x000001fc6e5e90a0 JavaThread "Incoming local TCP Connector on port 49747"        [_thread_in_native, id=31532, stack(0x0000006563b00000,0x0000006563c00000) (1024K)]
  0x000001fc6e66e800 JavaThread "Daemon periodic checks"            [_thread_blocked, id=30652, stack(0x0000006563c00000,0x0000006563d00000) (1024K)]
  0x000001fc6e695a50 JavaThread "Daemon"                            [_thread_blocked, id=1476, stack(0x0000006563d00000,0x0000006563e00000) (1024K)]
  0x000001fc6e7e9190 JavaThread "Daemon worker"                     [_thread_blocked, id=33116, stack(0x0000006564000000,0x0000006564100000) (1024K)]
  0x000001fc6e869cd0 JavaThread "Cache worker for journal cache (C:\Users\Juan\.gradle\caches\journal-1)"        [_thread_blocked, id=28828, stack(0x0000006564400000,0x0000006564500000) (1024K)]
  0x000001fc6e867c00 JavaThread "File lock request listener"        [_thread_in_native, id=14840, stack(0x0000006564500000,0x0000006564600000) (1024K)]
  0x000001fc6e868290 JavaThread "Cache worker for file hash cache (C:\Users\Juan\.gradle\caches\8.13\fileHashes)"        [_thread_blocked, id=27564, stack(0x0000006564600000,0x0000006564700000) (1024K)]
  0x000001fc6e86a9f0 JavaThread "File watcher server"        daemon [_thread_blocked, id=16696, stack(0x0000006564f00000,0x0000006565000000) (1024K)]
  0x000001fc6e86a360 JavaThread "File watcher consumer"      daemon [_thread_blocked, id=31468, stack(0x0000006565000000,0x0000006565100000) (1024K)]
  0x000001fc705564e0 JavaThread "jar transforms"                    [_thread_blocked, id=24280, stack(0x0000006565100000,0x0000006565200000) (1024K)]
  0x000001fc70555e50 JavaThread "Cache worker for file content cache (C:\Users\Juan\.gradle\caches\8.13\fileContent)"        [_thread_blocked, id=21600, stack(0x0000006565300000,0x0000006565400000) (1024K)]
  0x000001fc705536f0 JavaThread "jar transforms Thread 2"           [_thread_blocked, id=9484, stack(0x0000006565600000,0x0000006565700000) (1024K)]
  0x000001fc70557890 JavaThread "jar transforms Thread 3"           [_thread_blocked, id=34504, stack(0x0000006565800000,0x0000006565900000) (1024K)]
  0x000001fc706d32a0 JavaThread "jar transforms Thread 4"           [_thread_blocked, id=32172, stack(0x0000006567a00000,0x0000006567b00000) (1024K)]
  0x000001fc706d2c10 JavaThread "jar transforms Thread 5"           [_thread_blocked, id=27012, stack(0x0000006567b00000,0x0000006567c00000) (1024K)]
  0x000001fc706d3930 JavaThread "Memory manager"                    [_thread_blocked, id=30544, stack(0x0000006565700000,0x0000006565800000) (1024K)]
  0x000001fc706d4650 JavaThread "jar transforms Thread 6"           [_thread_blocked, id=34012, stack(0x0000006567c00000,0x0000006567d00000) (1024K)]
  0x000001fc70556b70 JavaThread "Handler for socket connection from /127.0.0.1:49747 to /127.0.0.1:49670"        [_thread_in_native, id=19448, stack(0x0000006562000000,0x0000006562100000) (1024K)]
  0x000001fc70554aa0 JavaThread "Cancel handler"                    [_thread_blocked, id=9552, stack(0x0000006562100000,0x0000006562200000) (1024K)]
  0x000001fc70555130 JavaThread "Asynchronous log dispatcher for DefaultDaemonConnection: socket connection from /127.0.0.1:49747 to /127.0.0.1:49670"        [_thread_blocked, id=29508, stack(0x0000006562200000,0x0000006562300000) (1024K)]
  0x000001fc70554410 JavaThread "Stdin handler"                     [_thread_blocked, id=27116, stack(0x0000006563e00000,0x0000006563f00000) (1024K)]
  0x000001fc705585b0 JavaThread "Daemon client event forwarder"        [_thread_blocked, id=16032, stack(0x0000006563f00000,0x0000006564000000) (1024K)]
  0x000001fc70559ff0 JavaThread "Cache worker for file hash cache (C:\QRAsistencia\.gradle\8.13\fileHashes)"        [_thread_blocked, id=11536, stack(0x0000006564200000,0x0000006564300000) (1024K)]
  0x000001fc70557f20 JavaThread "Cache worker for Build Output Cleanup Cache (C:\QRAsistencia\.gradle\buildOutputCleanup)"        [_thread_blocked, id=21028, stack(0x0000006564300000,0x0000006564400000) (1024K)]
  0x000001fc70558c40 JavaThread "Cache worker for checksums cache (C:\QRAsistencia\.gradle\8.13\checksums)"        [_thread_blocked, id=15944, stack(0x0000006564e00000,0x0000006564f00000) (1024K)]
  0x000001fc7055a680 JavaThread "Cache worker for cache directory md-supplier (C:\Users\Juan\.gradle\caches\8.13\md-supplier)"        [_thread_blocked, id=20484, stack(0x0000006565200000,0x0000006565300000) (1024K)]
  0x000001fc70557200 JavaThread "Cache worker for cache directory md-rule (C:\Users\Juan\.gradle\caches\8.13\md-rule)"        [_thread_blocked, id=33492, stack(0x0000006565400000,0x0000006565500000) (1024K)]
  0x000001fc70559960 JavaThread "Unconstrained build operations"        [_thread_blocked, id=13120, stack(0x0000006565500000,0x0000006565600000) (1024K)]
  0x000001fc73ac85b0 JavaThread "Unconstrained build operations Thread 2"        [_thread_blocked, id=31628, stack(0x0000006565900000,0x0000006565a00000) (1024K)]
  0x000001fc73ac9960 JavaThread "Unconstrained build operations Thread 3"        [_thread_blocked, id=4472, stack(0x0000006565a00000,0x0000006565b00000) (1024K)]
  0x000001fc73ac92d0 JavaThread "Unconstrained build operations Thread 4"        [_thread_blocked, id=17288, stack(0x0000006565b00000,0x0000006565c00000) (1024K)]
  0x000001fc73ac8c40 JavaThread "Unconstrained build operations Thread 5"        [_thread_blocked, id=9060, stack(0x0000006565c00000,0x0000006565d00000) (1024K)]
  0x000001fc73acc0c0 JavaThread "Unconstrained build operations Thread 6"        [_thread_blocked, id=34328, stack(0x0000006565d00000,0x0000006565e00000) (1024K)]
  0x000001fc73ac9ff0 JavaThread "Unconstrained build operations Thread 7"        [_thread_blocked, id=18016, stack(0x0000006565e00000,0x0000006565f00000) (1024K)]
  0x000001fc73accde0 JavaThread "Unconstrained build operations Thread 8"        [_thread_blocked, id=24752, stack(0x0000006565f00000,0x0000006566000000) (1024K)]
  0x000001fc73aceeb0 JavaThread "Unconstrained build operations Thread 9"        [_thread_blocked, id=30104, stack(0x0000006566000000,0x0000006566100000) (1024K)]
  0x000001fc73acdb00 JavaThread "Unconstrained build operations Thread 10"        [_thread_blocked, id=27308, stack(0x0000006566100000,0x0000006566200000) (1024K)]
  0x000001fc73acc750 JavaThread "Unconstrained build operations Thread 11"        [_thread_blocked, id=2000, stack(0x0000006566200000,0x0000006566300000) (1024K)]
  0x000001fc73aca680 JavaThread "Unconstrained build operations Thread 12"        [_thread_blocked, id=25872, stack(0x0000006564100000,0x0000006564200000) (1024K)]
  0x000001fc73acad10 JavaThread "Unconstrained build operations Thread 13"        [_thread_blocked, id=19676, stack(0x0000006566300000,0x0000006566400000) (1024K)]
  0x000001fc73acb3a0 JavaThread "Unconstrained build operations Thread 14"        [_thread_blocked, id=27156, stack(0x0000006566400000,0x0000006566500000) (1024K)]
  0x000001fc73ac7f20 JavaThread "Unconstrained build operations Thread 15"        [_thread_blocked, id=33176, stack(0x0000006566500000,0x0000006566600000) (1024K)]
  0x000001fc73acd470 JavaThread "Unconstrained build operations Thread 16"        [_thread_blocked, id=23984, stack(0x0000006566600000,0x0000006566700000) (1024K)]
  0x000001fc73ace820 JavaThread "Unconstrained build operations Thread 17"        [_thread_blocked, id=33256, stack(0x0000006566700000,0x0000006566800000) (1024K)]
  0x000001fc73ace190 JavaThread "Unconstrained build operations Thread 18"        [_thread_blocked, id=31760, stack(0x0000006566800000,0x0000006566900000) (1024K)]
  0x000001fc73acba30 JavaThread "Unconstrained build operations Thread 19"        [_thread_blocked, id=33996, stack(0x0000006566900000,0x0000006566a00000) (1024K)]
  0x000001fc73acf540 JavaThread "Unconstrained build operations Thread 20"        [_thread_blocked, id=22800, stack(0x0000006566a00000,0x0000006566b00000) (1024K)]
  0x000001fc706d1ef0 JavaThread "Unconstrained build operations Thread 21"        [_thread_blocked, id=23008, stack(0x0000006566b00000,0x0000006566c00000) (1024K)]
  0x000001fc706d0b40 JavaThread "Unconstrained build operations Thread 22"        [_thread_blocked, id=28444, stack(0x0000006566c00000,0x0000006566d00000) (1024K)]
  0x000001fc706d2580 JavaThread "Problems report writer"            [_thread_blocked, id=4568, stack(0x0000006566d00000,0x0000006566e00000) (1024K)]
  0x000001fc712eadb0 JavaThread "C2 CompilerThread1"         daemon [_thread_blocked, id=11460, stack(0x0000006564d00000,0x0000006564e00000) (1024K)]
  0x000001fc6e868fb0 JavaThread "included builds"                   [_thread_blocked, id=31704, stack(0x0000006566e00000,0x0000006566f00000) (1024K)]
  0x000001fc6e869640 JavaThread "Execution worker"                  [_thread_blocked, id=34276, stack(0x0000006566f00000,0x0000006567000000) (1024K)]
  0x000001fc6e867570 JavaThread "Execution worker Thread 2"         [_thread_blocked, id=10756, stack(0x0000006567000000,0x0000006567100000) (1024K)]
  0x000001fc706d1860 JavaThread "Execution worker Thread 3"         [_thread_blocked, id=5512, stack(0x0000006567100000,0x0000006567200000) (1024K)]
  0x000001fc706d6db0 JavaThread "Execution worker Thread 4"         [_thread_blocked, id=19188, stack(0x0000006567200000,0x0000006567300000) (1024K)]
  0x000001fc706d7ad0 JavaThread "Execution worker Thread 5"         [_thread_blocked, id=30368, stack(0x0000006567300000,0x0000006567400000) (1024K)]
  0x000001fc70553060 JavaThread "Execution worker Thread 6"         [_thread_blocked, id=21700, stack(0x0000006567400000,0x0000006567500000) (1024K)]
  0x000001fc72ad98e0 JavaThread "Execution worker Thread 7"         [_thread_blocked, id=30424, stack(0x0000006567500000,0x0000006567600000) (1024K)]
  0x000001fc72ad8bc0 JavaThread "Execution worker Thread 8"         [_thread_blocked, id=8680, stack(0x0000006567600000,0x0000006567700000) (1024K)]
  0x000001fc72ada600 JavaThread "Execution worker Thread 9"         [_thread_blocked, id=15072, stack(0x0000006567700000,0x0000006567800000) (1024K)]
  0x000001fc72ad9f70 JavaThread "Execution worker Thread 10"        [_thread_blocked, id=32104, stack(0x0000006567800000,0x0000006567900000) (1024K)]
  0x000001fc72ad9250 JavaThread "Execution worker Thread 11"        [_thread_blocked, id=7700, stack(0x0000006567900000,0x0000006567a00000) (1024K)]
  0x000001fc72adac90 JavaThread "Cache worker for execution history cache (C:\QRAsistencia\.gradle\8.13\executionHistory)"        [_thread_blocked, id=20904, stack(0x0000006567d00000,0x0000006567e00000) (1024K)]
  0x000001fc72adb320 JavaThread "Unconstrained build operations Thread 23"        [_thread_blocked, id=9772, stack(0x0000006567e00000,0x0000006567f00000) (1024K)]
  0x000001fc72adb9b0 JavaThread "Unconstrained build operations Thread 24"        [_thread_blocked, id=7692, stack(0x0000006567f00000,0x0000006568000000) (1024K)]
  0x000001fc6f9c7280 JavaThread "WorkerExecutor Queue"              [_thread_blocked, id=28980, stack(0x0000006568000000,0x0000006568100000) (1024K)]
  0x000001fc6f9cad90 JavaThread "Unconstrained build operations Thread 25"        [_thread_blocked, id=33052, stack(0x0000006568200000,0x0000006568300000) (1024K)]
  0x000001fc6f9cce60 JavaThread "Unconstrained build operations Thread 26"        [_thread_blocked, id=12592, stack(0x0000006568300000,0x0000006568400000) (1024K)]
  0x000001fc6f9cb420 JavaThread "Unconstrained build operations Thread 27"        [_thread_blocked, id=23756, stack(0x0000006568400000,0x0000006568500000) (1024K)]
  0x000001fc6f9cbab0 JavaThread "Unconstrained build operations Thread 28"        [_thread_blocked, id=13588, stack(0x0000006568500000,0x0000006568600000) (1024K)]
  0x000001fc6f9cc140 JavaThread "Unconstrained build operations Thread 29"        [_thread_blocked, id=19168, stack(0x0000006568600000,0x0000006568700000) (1024K)]
  0x000001fc6f9cc7d0 JavaThread "Unconstrained build operations Thread 30"        [_thread_blocked, id=18184, stack(0x0000006568700000,0x0000006568800000) (1024K)]
  0x000001fc725c9670 JavaThread "Unconstrained build operations Thread 31"        [_thread_blocked, id=30196, stack(0x0000006568800000,0x0000006568900000) (1024K)]
  0x000001fc725c8fe0 JavaThread "Unconstrained build operations Thread 32"        [_thread_blocked, id=17960, stack(0x0000006568900000,0x0000006568a00000) (1024K)]
  0x000001fc725c82c0 JavaThread "Unconstrained build operations Thread 33"        [_thread_blocked, id=15208, stack(0x0000006568a00000,0x0000006568b00000) (1024K)]
  0x000001fc725cb0b0 JavaThread "Unconstrained build operations Thread 34"        [_thread_blocked, id=16936, stack(0x0000006568b00000,0x0000006568c00000) (1024K)]
  0x000001fc725ca390 JavaThread "Unconstrained build operations Thread 35"        [_thread_blocked, id=920, stack(0x0000006568c00000,0x0000006568d00000) (1024K)]
  0x000001fc725cb740 JavaThread "WorkerExecutor Queue Thread 2"        [_thread_blocked, id=33500, stack(0x0000006568d00000,0x0000006568e00000) (1024K)]
  0x000001fc725c8950 JavaThread "Unconstrained build operations Thread 36"        [_thread_blocked, id=27532, stack(0x0000006568e00000,0x0000006568f00000) (1024K)]
  0x000001fc725c9d00 JavaThread "Unconstrained build operations Thread 37"        [_thread_blocked, id=25372, stack(0x0000006568f00000,0x0000006569000000) (1024K)]
  0x000001fc725cc460 JavaThread "Unconstrained build operations Thread 38"        [_thread_blocked, id=14408, stack(0x0000006569000000,0x0000006569100000) (1024K)]
  0x000001fc725ce530 JavaThread "Unconstrained build operations Thread 39"        [_thread_blocked, id=10836, stack(0x0000006569100000,0x0000006569200000) (1024K)]
  0x000001fc725cebc0 JavaThread "Unconstrained build operations Thread 40"        [_thread_blocked, id=32988, stack(0x0000006569200000,0x0000006569300000) (1024K)]
  0x000001fc725cd180 JavaThread "Unconstrained build operations Thread 41"        [_thread_blocked, id=9184, stack(0x0000006569300000,0x0000006569400000) (1024K)]
  0x000001fc725cf250 JavaThread "Unconstrained build operations Thread 42"        [_thread_blocked, id=6064, stack(0x0000006569400000,0x0000006569500000) (1024K)]
  0x000001fc725cd810 JavaThread "Unconstrained build operations Thread 43"        [_thread_blocked, id=10348, stack(0x0000006569500000,0x0000006569600000) (1024K)]
  0x000001fc725ccaf0 JavaThread "Unconstrained build operations Thread 44"        [_thread_blocked, id=31736, stack(0x0000006569600000,0x0000006569700000) (1024K)]
  0x000001fc725cbdd0 JavaThread "Unconstrained build operations Thread 45"        [_thread_blocked, id=17808, stack(0x0000006569700000,0x0000006569800000) (1024K)]
  0x000001fc725cdea0 JavaThread "Unconstrained build operations Thread 46"        [_thread_blocked, id=33824, stack(0x0000006569800000,0x0000006569900000) (1024K)]
  0x000001fc6f9c7fa0 JavaThread "Unconstrained build operations Thread 47"        [_thread_blocked, id=22200, stack(0x0000006569900000,0x0000006569a00000) (1024K)]
  0x000001fc6f9c7910 JavaThread "WorkerExecutor Queue Thread 3"        [_thread_blocked, id=20348, stack(0x0000006569a00000,0x0000006569b00000) (1024K)]
  0x000001fc6f9c8630 JavaThread "Unconstrained build operations Thread 48"        [_thread_blocked, id=29188, stack(0x0000006569b00000,0x0000006569c00000) (1024K)]
  0x000001fc6f9c5ed0 JavaThread "Unconstrained build operations Thread 49"        [_thread_blocked, id=26856, stack(0x0000006569c00000,0x0000006569d00000) (1024K)]
  0x000001fc6f9c6560 JavaThread "Unconstrained build operations Thread 50"        [_thread_blocked, id=26732, stack(0x0000006569d00000,0x0000006569e00000) (1024K)]
  0x000001fc6f9c8cc0 JavaThread "Unconstrained build operations Thread 51"        [_thread_blocked, id=10728, stack(0x0000006569e00000,0x0000006569f00000) (1024K)]
  0x000001fc6f9c5840 JavaThread "Unconstrained build operations Thread 52"        [_thread_blocked, id=30584, stack(0x0000006569f00000,0x000000656a000000) (1024K)]
  0x000001fc6f9c9350 JavaThread "Unconstrained build operations Thread 53"        [_thread_blocked, id=18492, stack(0x000000656a000000,0x000000656a100000) (1024K)]
  0x000001fc6f9c99e0 JavaThread "Unconstrained build operations Thread 54"        [_thread_blocked, id=30776, stack(0x000000656a100000,0x000000656a200000) (1024K)]
  0x000001fc6f9ca070 JavaThread "Unconstrained build operations Thread 55"        [_thread_blocked, id=18520, stack(0x000000656a200000,0x000000656a300000) (1024K)]
  0x000001fc6f9c6bf0 JavaThread "Unconstrained build operations Thread 56"        [_thread_blocked, id=29200, stack(0x000000656a300000,0x000000656a400000) (1024K)]
  0x000001fc6f9ca700 JavaThread "Unconstrained build operations Thread 57"        [_thread_blocked, id=11988, stack(0x000000656a400000,0x000000656a500000) (1024K)]
  0x000001fc72ad8530 JavaThread "Unconstrained build operations Thread 58"        [_thread_blocked, id=8128, stack(0x000000656a500000,0x000000656a600000) (1024K)]
  0x000001fc737289b0 JavaThread "WorkerExecutor Queue Thread 4"        [_thread_blocked, id=30372, stack(0x000000656a600000,0x000000656a700000) (1024K)]
  0x000001fc73725bc0 JavaThread "WorkerExecutor Queue Thread 5"        [_thread_blocked, id=23320, stack(0x000000656a700000,0x000000656a800000) (1024K)]
  0x000001fc73726f70 JavaThread "WorkerExecutor Queue Thread 6"        [_thread_blocked, id=34748, stack(0x000000656a800000,0x000000656a900000) (1024K)]
  0x000001fc73729040 JavaThread "WorkerExecutor Queue Thread 7"        [_thread_blocked, id=3340, stack(0x000000656a900000,0x000000656aa00000) (1024K)]
  0x000001fc73727600 JavaThread "WorkerExecutor Queue Thread 8"        [_thread_blocked, id=30200, stack(0x000000656aa00000,0x000000656ab00000) (1024K)]
  0x000001fc73728320 JavaThread "WorkerExecutor Queue Thread 9"        [_thread_blocked, id=19232, stack(0x000000656ab00000,0x000000656ac00000) (1024K)]
  0x000001fc73726250 JavaThread "WorkerExecutor Queue Thread 10"        [_thread_blocked, id=34408, stack(0x000000656ac00000,0x000000656ad00000) (1024K)]
  0x000001fc7372b110 JavaThread "WorkerExecutor Queue Thread 11"        [_thread_blocked, id=21160, stack(0x000000656ad00000,0x000000656ae00000) (1024K)]
  0x000001fc73729d60 JavaThread "WorkerExecutor Queue Thread 12"        [_thread_blocked, id=13256, stack(0x000000656ae00000,0x000000656af00000) (1024K)]
  0x000001fc72adda80 JavaThread "Unconstrained build operations Thread 59"        [_thread_blocked, id=29700, stack(0x000000656b000000,0x000000656b100000) (1024K)]
  0x000001fc72ade110 JavaThread "Unconstrained build operations Thread 60"        [_thread_blocked, id=19476, stack(0x000000656b100000,0x000000656b200000) (1024K)]
  0x000001fc72adcd60 JavaThread "Unconstrained build operations Thread 61"        [_thread_blocked, id=16528, stack(0x000000656b200000,0x000000656b300000) (1024K)]
  0x000001fc72ade7a0 JavaThread "Unconstrained build operations Thread 62"        [_thread_blocked, id=24388, stack(0x000000656b300000,0x000000656b400000) (1024K)]
  0x000001fc72adee30 JavaThread "Unconstrained build operations Thread 63"        [_thread_blocked, id=25068, stack(0x000000656b400000,0x000000656b500000) (1024K)]
  0x000001fc72adf4c0 JavaThread "Unconstrained build operations Thread 64"        [_thread_blocked, id=27672, stack(0x000000656b500000,0x000000656b600000) (1024K)]
  0x000001fc72adc040 JavaThread "Unconstrained build operations Thread 65"        [_thread_blocked, id=34460, stack(0x000000656b600000,0x000000656b700000) (1024K)]
  0x000001fc72adfb50 JavaThread "Unconstrained build operations Thread 66"        [_thread_blocked, id=26572, stack(0x000000656b700000,0x000000656b800000) (1024K)]
  0x000001fc73724ea0 JavaThread "Unconstrained build operations Thread 67"        [_thread_blocked, id=30792, stack(0x000000656b800000,0x000000656b900000) (1024K)]
  0x000001fc7372c4c0 JavaThread "Unconstrained build operations Thread 68"        [_thread_blocked, id=27948, stack(0x000000656b900000,0x000000656ba00000) (1024K)]
  0x000001fc7372be30 JavaThread "Unconstrained build operations Thread 69"        [_thread_blocked, id=34216, stack(0x000000656ba00000,0x000000656bb00000) (1024K)]
  0x000001fc7372aa80 JavaThread "Unconstrained build operations Thread 70"        [_thread_blocked, id=30220, stack(0x000000656bb00000,0x000000656bc00000) (1024K)]
  0x000001fc706d5370 JavaThread "Unconstrained build operations Thread 71"        [_thread_blocked, id=28992, stack(0x000000656bc00000,0x000000656bd00000) (1024K)]
  0x000001fc73c63e60 JavaThread "Unconstrained build operations Thread 72"        [_thread_blocked, id=28416, stack(0x000000656bd00000,0x000000656be00000) (1024K)]
  0x000001fc73c62420 JavaThread "Unconstrained build operations Thread 73"        [_thread_blocked, id=33032, stack(0x000000656be00000,0x000000656bf00000) (1024K)]
  0x000001fc73c61d90 JavaThread "Unconstrained build operations Thread 74"        [_thread_blocked, id=18596, stack(0x000000656bf00000,0x000000656c000000) (1024K)]
  0x000001fc73c65210 JavaThread "Unconstrained build operations Thread 75"        [_thread_blocked, id=7248, stack(0x000000656c000000,0x000000656c100000) (1024K)]
  0x000001fc73c637d0 JavaThread "Unconstrained build operations Thread 76"        [_thread_blocked, id=33364, stack(0x000000656c100000,0x000000656c200000) (1024K)]
  0x000001fc73c62ab0 JavaThread "Unconstrained build operations Thread 77"        [_thread_blocked, id=840, stack(0x000000656c200000,0x000000656c300000) (1024K)]
  0x000001fc73c658a0 JavaThread "Unconstrained build operations Thread 78"        [_thread_blocked, id=11672, stack(0x000000656c300000,0x000000656c400000) (1024K)]
  0x000001fc73c665c0 JavaThread "Unconstrained build operations Thread 79"        [_thread_blocked, id=17920, stack(0x000000656c400000,0x000000656c500000) (1024K)]
  0x000001fc73c65f30 JavaThread "Unconstrained build operations Thread 80"        [_thread_blocked, id=31260, stack(0x000000656c500000,0x000000656c600000) (1024K)]
  0x000001fc73c644f0 JavaThread "Unconstrained build operations Thread 81"        [_thread_blocked, id=29476, stack(0x000000656c600000,0x000000656c700000) (1024K)]
Total: 147

Other Threads:
=>0x000001fc683a04d0 VMThread "VM Thread"                           [id=4996, stack(0x0000006562a00000,0x0000006562b00000) (1024K)]
  0x000001fc6838f850 WatcherThread "VM Periodic Task Thread"        [id=19784, stack(0x0000006562900000,0x0000006562a00000) (1024K)]
  0x000001fc497cf9c0 WorkerThread "GC Thread#0"                     [id=1216, stack(0x0000006562400000,0x0000006562500000) (1024K)]
  0x000001fc68908590 WorkerThread "GC Thread#1"                     [id=17556, stack(0x0000006563500000,0x0000006563600000) (1024K)]
  0x000001fc688c4cf0 WorkerThread "GC Thread#2"                     [id=16280, stack(0x0000006563600000,0x0000006563700000) (1024K)]
  0x000001fc6d0bd9f0 WorkerThread "GC Thread#3"                     [id=34804, stack(0x0000006563700000,0x0000006563800000) (1024K)]
  0x000001fc6da17c50 WorkerThread "GC Thread#4"                     [id=34224, stack(0x0000006563800000,0x0000006563900000) (1024K)]
  0x000001fc6e3a0680 WorkerThread "GC Thread#5"                     [id=30832, stack(0x0000006563900000,0x0000006563a00000) (1024K)]
  0x000001fc6eeb76c0 WorkerThread "GC Thread#6"                     [id=31144, stack(0x0000006564700000,0x0000006564800000) (1024K)]
  0x000001fc6eeb7a60 WorkerThread "GC Thread#7"                     [id=5988, stack(0x0000006564800000,0x0000006564900000) (1024K)]
  0x000001fc6f002520 WorkerThread "GC Thread#8"                     [id=30684, stack(0x0000006564900000,0x0000006564a00000) (1024K)]
  0x000001fc6f003ae0 WorkerThread "GC Thread#9"                     [id=16896, stack(0x0000006564a00000,0x0000006564b00000) (1024K)]
  0x000001fc497e0930 ConcurrentGCThread "G1 Main Marker"            [id=10784, stack(0x0000006562500000,0x0000006562600000) (1024K)]
  0x000001fc497e21c0 WorkerThread "G1 Conc#0"                       [id=32072, stack(0x0000006562600000,0x0000006562700000) (1024K)]
  0x000001fc6f003740 WorkerThread "G1 Conc#1"                       [id=29216, stack(0x0000006564b00000,0x0000006564c00000) (1024K)]
  0x000001fc6f0028c0 WorkerThread "G1 Conc#2"                       [id=7268, stack(0x0000006564c00000,0x0000006564d00000) (1024K)]
  0x000001fc4983ead0 ConcurrentGCThread "G1 Refine#0"               [id=16000, stack(0x0000006562700000,0x0000006562800000) (1024K)]
  0x000001fc6825aa30 ConcurrentGCThread "G1 Service"                [id=27540, stack(0x0000006562800000,0x0000006562900000) (1024K)]
Total: 18

Threads with active compile tasks:
C2 CompilerThread1    85301 16711   !   4       java.net.URLClassLoader::defineClass (224 bytes)
Total: 1

VM state: at safepoint (normal execution)

VM Mutex/Monitor currently owned by a thread:  ([mutex/lock_event])
[0x00007ffcdb8cde98] Threads_lock - owner thread: 0x000001fc683a04d0
[0x00007ffcdb8cdf98] Heap_lock - owner thread: 0x000001fc706d7ad0

Heap address: 0x0000000080000000, size: 2048 MB, Compressed Oops mode: 32-bit

CDS archive(s) mapped at: [0x000001fc00000000-0x000001fc00c90000-0x000001fc00c90000), size 13172736, SharedBaseAddress: 0x000001fc00000000, ArchiveRelocationMode: 1.
Compressed class space mapped at: 0x000001fc01000000-0x000001fc41000000, reserved size: 1073741824
Narrow klass base: 0x000001fc00000000, Narrow klass shift: 0, Narrow klass range: 0x100000000

GC Precious Log:
 CardTable entry size: 512
 Card Set container configuration: InlinePtr #cards 5 size 8 Array Of Cards #cards 12 size 40 Howl #buckets 4 coarsen threshold 1843 Howl Bitmap #cards 512 size 80 coarsen threshold 460 Card regions per heap region 1 cards per card region 2048
 CPUs: 12 total, 12 available
 Memory: 7439M
 Large Page Support: Disabled
 NUMA Support: Disabled
 Compressed Oops: Enabled (32-bit)
 Heap Region Size: 1M
 Heap Min Capacity: 8M
 Heap Initial Capacity: 118M
 Heap Max Capacity: 2G
 Pre-touch: Disabled
 Parallel Workers: 10
 Concurrent Workers: 3
 Concurrent Refinement Workers: 10
 Periodic GC: Disabled

Heap:
 garbage-first heap   total 276480K, used 143164K [0x0000000080000000, 0x0000000100000000)
  region size 1024K, 5 young (5120K), 5 survivors (5120K)
 Metaspace       used 104578K, committed 106880K, reserved 1179648K
  class space    used 13974K, committed 15104K, reserved 1048576K

Heap Regions: E=young(eden), S=young(survivor), O=old, HS=humongous(starts), HC=humongous(continues), CS=collection set, F=free, TAMS=top-at-mark-start, PB=parsable bottom
|   0|0x0000000080000000, 0x0000000080100000, 0x0000000080100000|100%|HS|  |TAMS 0x0000000080000000| PB 0x0000000080000000| Complete 
|   1|0x0000000080100000, 0x0000000080200000, 0x0000000080200000|100%|HC|  |TAMS 0x0000000080100000| PB 0x0000000080100000| Complete 
|   2|0x0000000080200000, 0x0000000080300000, 0x0000000080300000|100%|HC|  |TAMS 0x0000000080200000| PB 0x0000000080200000| Complete 
|   3|0x0000000080300000, 0x0000000080400000, 0x0000000080400000|100%| O|  |TAMS 0x0000000080300000| PB 0x0000000080300000| Untracked 
|   4|0x0000000080400000, 0x0000000080500000, 0x0000000080500000|100%| O|  |TAMS 0x0000000080400000| PB 0x0000000080400000| Untracked 
|   5|0x0000000080500000, 0x0000000080600000, 0x0000000080600000|100%| O|  |TAMS 0x0000000080500000| PB 0x0000000080500000| Untracked 
|   6|0x0000000080600000, 0x0000000080700000, 0x0000000080700000|100%|HS|  |TAMS 0x0000000080600000| PB 0x0000000080600000| Complete 
|   7|0x0000000080700000, 0x0000000080800000, 0x0000000080800000|100%| O|  |TAMS 0x0000000080700000| PB 0x0000000080700000| Untracked 
|   8|0x0000000080800000, 0x0000000080900000, 0x0000000080900000|100%| O|  |TAMS 0x0000000080800000| PB 0x0000000080800000| Untracked 
|   9|0x0000000080900000, 0x0000000080a00000, 0x0000000080a00000|100%| O|  |TAMS 0x0000000080900000| PB 0x0000000080900000| Untracked 
|  10|0x0000000080a00000, 0x0000000080b00000, 0x0000000080b00000|100%| O|  |TAMS 0x0000000080a00000| PB 0x0000000080a00000| Untracked 
|  11|0x0000000080b00000, 0x0000000080c00000, 0x0000000080c00000|100%| O|  |TAMS 0x0000000080b00000| PB 0x0000000080b00000| Untracked 
|  12|0x0000000080c00000, 0x0000000080d00000, 0x0000000080d00000|100%| O|  |TAMS 0x0000000080c00000| PB 0x0000000080c00000| Untracked 
|  13|0x0000000080d00000, 0x0000000080e00000, 0x0000000080e00000|100%| O|  |TAMS 0x0000000080d00000| PB 0x0000000080d00000| Untracked 
|  14|0x0000000080e00000, 0x0000000080f00000, 0x0000000080f00000|100%| O|  |TAMS 0x0000000080e00000| PB 0x0000000080e00000| Untracked 
|  15|0x0000000080f00000, 0x0000000081000000, 0x0000000081000000|100%| O|  |TAMS 0x0000000080f00000| PB 0x0000000080f00000| Untracked 
|  16|0x0000000081000000, 0x0000000081100000, 0x0000000081100000|100%| O|  |TAMS 0x0000000081000000| PB 0x0000000081000000| Untracked 
|  17|0x0000000081100000, 0x0000000081200000, 0x0000000081200000|100%| O|  |TAMS 0x0000000081100000| PB 0x0000000081100000| Untracked 
|  18|0x0000000081200000, 0x0000000081300000, 0x0000000081300000|100%| O|  |TAMS 0x0000000081200000| PB 0x0000000081200000| Untracked 
|  19|0x0000000081300000, 0x0000000081400000, 0x0000000081400000|100%| O|  |TAMS 0x0000000081300000| PB 0x0000000081300000| Untracked 
|  20|0x0000000081400000, 0x0000000081500000, 0x0000000081500000|100%| O|  |TAMS 0x0000000081400000| PB 0x0000000081400000| Untracked 
|  21|0x0000000081500000, 0x0000000081600000, 0x0000000081600000|100%| O|  |TAMS 0x0000000081500000| PB 0x0000000081500000| Untracked 
|  22|0x0000000081600000, 0x0000000081700000, 0x0000000081700000|100%| O|  |TAMS 0x0000000081600000| PB 0x0000000081600000| Untracked 
|  23|0x0000000081700000, 0x0000000081800000, 0x0000000081800000|100%| O|  |TAMS 0x0000000081700000| PB 0x0000000081700000| Untracked 
|  24|0x0000000081800000, 0x0000000081900000, 0x0000000081900000|100%| O|  |TAMS 0x0000000081800000| PB 0x0000000081800000| Untracked 
|  25|0x0000000081900000, 0x0000000081a00000, 0x0000000081a00000|100%| O|  |TAMS 0x0000000081900000| PB 0x0000000081900000| Untracked 
|  26|0x0000000081a00000, 0x0000000081b00000, 0x0000000081b00000|100%| O|  |TAMS 0x0000000081a00000| PB 0x0000000081a00000| Untracked 
|  27|0x0000000081b00000, 0x0000000081c00000, 0x0000000081c00000|100%| O|  |TAMS 0x0000000081b00000| PB 0x0000000081b00000| Untracked 
|  28|0x0000000081c00000, 0x0000000081d00000, 0x0000000081d00000|100%| O|  |TAMS 0x0000000081c00000| PB 0x0000000081c00000| Untracked 
|  29|0x0000000081d00000, 0x0000000081e00000, 0x0000000081e00000|100%| O|  |TAMS 0x0000000081d00000| PB 0x0000000081d00000| Untracked 
|  30|0x0000000081e00000, 0x0000000081f00000, 0x0000000081f00000|100%| O|  |TAMS 0x0000000081e00000| PB 0x0000000081e00000| Untracked 
|  31|0x0000000081f00000, 0x0000000082000000, 0x0000000082000000|100%| O|  |TAMS 0x0000000081f00000| PB 0x0000000081f00000| Untracked 
|  32|0x0000000082000000, 0x0000000082100000, 0x0000000082100000|100%| O|  |TAMS 0x0000000082000000| PB 0x0000000082000000| Untracked 
|  33|0x0000000082100000, 0x0000000082200000, 0x0000000082200000|100%| O|  |TAMS 0x0000000082100000| PB 0x0000000082100000| Untracked 
|  34|0x0000000082200000, 0x0000000082300000, 0x0000000082300000|100%|HS|  |TAMS 0x0000000082200000| PB 0x0000000082200000| Complete 
|  35|0x0000000082300000, 0x0000000082400000, 0x0000000082400000|100%|HS|  |TAMS 0x0000000082300000| PB 0x0000000082300000| Complete 
|  36|0x0000000082400000, 0x0000000082500000, 0x0000000082500000|100%|HS|  |TAMS 0x0000000082400000| PB 0x0000000082400000| Complete 
|  37|0x0000000082500000, 0x0000000082600000, 0x0000000082600000|100%|HS|  |TAMS 0x0000000082500000| PB 0x0000000082500000| Complete 
|  38|0x0000000082600000, 0x0000000082700000, 0x0000000082700000|100%| O|  |TAMS 0x0000000082600000| PB 0x0000000082600000| Untracked 
|  39|0x0000000082700000, 0x0000000082800000, 0x0000000082800000|100%|HS|  |TAMS 0x0000000082700000| PB 0x0000000082700000| Complete 
|  40|0x0000000082800000, 0x0000000082900000, 0x0000000082900000|100%|HS|  |TAMS 0x0000000082800000| PB 0x0000000082800000| Complete 
|  41|0x0000000082900000, 0x0000000082a00000, 0x0000000082a00000|100%| O|  |TAMS 0x0000000082900000| PB 0x0000000082900000| Untracked 
|  42|0x0000000082a00000, 0x0000000082b00000, 0x0000000082b00000|100%| O|  |TAMS 0x0000000082a00000| PB 0x0000000082a00000| Untracked 
|  43|0x0000000082b00000, 0x0000000082c00000, 0x0000000082c00000|100%| O|  |TAMS 0x0000000082b00000| PB 0x0000000082b00000| Untracked 
|  44|0x0000000082c00000, 0x0000000082d00000, 0x0000000082d00000|100%| O|  |TAMS 0x0000000082c00000| PB 0x0000000082c00000| Untracked 
|  45|0x0000000082d00000, 0x0000000082e00000, 0x0000000082e00000|100%| O|  |TAMS 0x0000000082d00000| PB 0x0000000082d00000| Untracked 
|  46|0x0000000082e00000, 0x0000000082f00000, 0x0000000082f00000|100%| O|  |TAMS 0x0000000082e00000| PB 0x0000000082e00000| Untracked 
|  47|0x0000000082f00000, 0x0000000083000000, 0x0000000083000000|100%| O|  |TAMS 0x0000000082f00000| PB 0x0000000082f00000| Untracked 
|  48|0x0000000083000000, 0x0000000083100000, 0x0000000083100000|100%| O|  |TAMS 0x0000000083000000| PB 0x0000000083000000| Untracked 
|  49|0x0000000083100000, 0x0000000083200000, 0x0000000083200000|100%| O|  |TAMS 0x0000000083100000| PB 0x0000000083100000| Untracked 
|  50|0x0000000083200000, 0x0000000083300000, 0x0000000083300000|100%| O|  |TAMS 0x0000000083200000| PB 0x0000000083200000| Untracked 
|  51|0x0000000083300000, 0x0000000083400000, 0x0000000083400000|100%|HS|  |TAMS 0x0000000083300000| PB 0x0000000083300000| Complete 
|  52|0x0000000083400000, 0x0000000083500000, 0x0000000083500000|100%| O|  |TAMS 0x0000000083400000| PB 0x0000000083400000| Untracked 
|  53|0x0000000083500000, 0x0000000083600000, 0x0000000083600000|100%| O|  |TAMS 0x0000000083500000| PB 0x0000000083500000| Untracked 
|  54|0x0000000083600000, 0x0000000083700000, 0x0000000083700000|100%| O|  |TAMS 0x0000000083600000| PB 0x0000000083600000| Untracked 
|  55|0x0000000083700000, 0x0000000083800000, 0x0000000083800000|100%| O|  |TAMS 0x0000000083700000| PB 0x0000000083700000| Untracked 
|  56|0x0000000083800000, 0x0000000083900000, 0x0000000083900000|100%| O|  |TAMS 0x0000000083800000| PB 0x0000000083800000| Untracked 
|  57|0x0000000083900000, 0x0000000083a00000, 0x0000000083a00000|100%| O|  |TAMS 0x0000000083900000| PB 0x0000000083900000| Untracked 
|  58|0x0000000083a00000, 0x0000000083b00000, 0x0000000083b00000|100%| O|  |TAMS 0x0000000083a00000| PB 0x0000000083a00000| Untracked 
|  59|0x0000000083b00000, 0x0000000083c00000, 0x0000000083c00000|100%| O|  |TAMS 0x0000000083b00000| PB 0x0000000083b00000| Untracked 
|  60|0x0000000083c00000, 0x0000000083d00000, 0x0000000083d00000|100%| O|  |TAMS 0x0000000083c00000| PB 0x0000000083c00000| Untracked 
|  61|0x0000000083d00000, 0x0000000083e00000, 0x0000000083e00000|100%| O|  |TAMS 0x0000000083d00000| PB 0x0000000083d00000| Untracked 
|  62|0x0000000083e00000, 0x0000000083f00000, 0x0000000083f00000|100%| O|  |TAMS 0x0000000083e00000| PB 0x0000000083e00000| Untracked 
|  63|0x0000000083f00000, 0x0000000084000000, 0x0000000084000000|100%| O|  |TAMS 0x0000000083f00000| PB 0x0000000083f00000| Untracked 
|  64|0x0000000084000000, 0x0000000084100000, 0x0000000084100000|100%| O|  |TAMS 0x0000000084000000| PB 0x0000000084000000| Untracked 
|  65|0x0000000084100000, 0x0000000084200000, 0x0000000084200000|100%| O|  |TAMS 0x0000000084100000| PB 0x0000000084100000| Untracked 
|  66|0x0000000084200000, 0x0000000084300000, 0x0000000084300000|100%| O|  |TAMS 0x0000000084200000| PB 0x0000000084200000| Untracked 
|  67|0x0000000084300000, 0x0000000084400000, 0x0000000084400000|100%| O|  |TAMS 0x0000000084300000| PB 0x0000000084300000| Untracked 
|  68|0x0000000084400000, 0x0000000084500000, 0x0000000084500000|100%| O|  |TAMS 0x0000000084400000| PB 0x0000000084400000| Untracked 
|  69|0x0000000084500000, 0x0000000084600000, 0x0000000084600000|100%| O|  |TAMS 0x0000000084500000| PB 0x0000000084500000| Untracked 
|  70|0x0000000084600000, 0x0000000084700000, 0x0000000084700000|100%| O|  |TAMS 0x0000000084600000| PB 0x0000000084600000| Untracked 
|  71|0x0000000084700000, 0x0000000084800000, 0x0000000084800000|100%| O|  |TAMS 0x0000000084700000| PB 0x0000000084700000| Untracked 
|  72|0x0000000084800000, 0x0000000084900000, 0x0000000084900000|100%| O|  |TAMS 0x0000000084800000| PB 0x0000000084800000| Untracked 
|  73|0x0000000084900000, 0x0000000084a00000, 0x0000000084a00000|100%| O|  |TAMS 0x0000000084900000| PB 0x0000000084900000| Untracked 
|  74|0x0000000084a00000, 0x0000000084b00000, 0x0000000084b00000|100%| O|  |TAMS 0x0000000084a00000| PB 0x0000000084a00000| Untracked 
|  75|0x0000000084b00000, 0x0000000084c00000, 0x0000000084c00000|100%| O|  |TAMS 0x0000000084b00000| PB 0x0000000084b00000| Untracked 
|  76|0x0000000084c00000, 0x0000000084d00000, 0x0000000084d00000|100%| O|  |TAMS 0x0000000084c00000| PB 0x0000000084c00000| Untracked 
|  77|0x0000000084d00000, 0x0000000084e00000, 0x0000000084e00000|100%| O|  |TAMS 0x0000000084d00000| PB 0x0000000084d00000| Untracked 
|  78|0x0000000084e00000, 0x0000000084f00000, 0x0000000084f00000|100%| O|  |TAMS 0x0000000084e00000| PB 0x0000000084e00000| Untracked 
|  79|0x0000000084f00000, 0x0000000085000000, 0x0000000085000000|100%| O|  |TAMS 0x0000000084f00000| PB 0x0000000084f00000| Untracked 
|  80|0x0000000085000000, 0x0000000085100000, 0x0000000085100000|100%| O|  |TAMS 0x0000000085000000| PB 0x0000000085000000| Untracked 
|  81|0x0000000085100000, 0x0000000085200000, 0x0000000085200000|100%| O|  |TAMS 0x0000000085100000| PB 0x0000000085100000| Untracked 
|  82|0x0000000085200000, 0x0000000085300000, 0x0000000085300000|100%| O|  |TAMS 0x0000000085200000| PB 0x0000000085200000| Untracked 
|  83|0x0000000085300000, 0x0000000085400000, 0x0000000085400000|100%| O|  |TAMS 0x0000000085300000| PB 0x0000000085300000| Untracked 
|  84|0x0000000085400000, 0x0000000085500000, 0x0000000085500000|100%| O|  |TAMS 0x0000000085400000| PB 0x0000000085400000| Untracked 
|  85|0x0000000085500000, 0x0000000085600000, 0x0000000085600000|100%| O|  |TAMS 0x0000000085500000| PB 0x0000000085500000| Untracked 
|  86|0x0000000085600000, 0x0000000085700000, 0x0000000085700000|100%| O|  |TAMS 0x0000000085600000| PB 0x0000000085600000| Untracked 
|  87|0x0000000085700000, 0x0000000085800000, 0x0000000085800000|100%| O|  |TAMS 0x0000000085700000| PB 0x0000000085700000| Untracked 
|  88|0x0000000085800000, 0x0000000085900000, 0x0000000085900000|100%| O|  |TAMS 0x0000000085800000| PB 0x0000000085800000| Untracked 
|  89|0x0000000085900000, 0x0000000085a00000, 0x0000000085a00000|100%| O|  |TAMS 0x0000000085900000| PB 0x0000000085900000| Untracked 
|  90|0x0000000085a00000, 0x0000000085b00000, 0x0000000085b00000|100%| O|  |TAMS 0x0000000085a00000| PB 0x0000000085a00000| Untracked 
|  91|0x0000000085b00000, 0x0000000085c00000, 0x0000000085c00000|100%| O|  |TAMS 0x0000000085b00000| PB 0x0000000085b00000| Untracked 
|  92|0x0000000085c00000, 0x0000000085d00000, 0x0000000085d00000|100%|HS|  |TAMS 0x0000000085c00000| PB 0x0000000085c00000| Complete 
|  93|0x0000000085d00000, 0x0000000085e00000, 0x0000000085e00000|100%|HC|  |TAMS 0x0000000085d00000| PB 0x0000000085d00000| Complete 
|  94|0x0000000085e00000, 0x0000000085f00000, 0x0000000085f00000|100%| O|  |TAMS 0x0000000085e00000| PB 0x0000000085e00000| Untracked 
|  95|0x0000000085f00000, 0x0000000086000000, 0x0000000086000000|100%| O|  |TAMS 0x0000000085f00000| PB 0x0000000085f00000| Untracked 
|  96|0x0000000086000000, 0x0000000086100000, 0x0000000086100000|100%| O|  |TAMS 0x0000000086000000| PB 0x0000000086000000| Untracked 
|  97|0x0000000086100000, 0x0000000086200000, 0x0000000086200000|100%| O|  |TAMS 0x0000000086100000| PB 0x0000000086100000| Untracked 
|  98|0x0000000086200000, 0x0000000086300000, 0x0000000086300000|100%| O|  |TAMS 0x0000000086200000| PB 0x0000000086200000| Untracked 
|  99|0x0000000086300000, 0x0000000086400000, 0x0000000086400000|100%| O|  |TAMS 0x0000000086300000| PB 0x0000000086300000| Untracked 
| 100|0x0000000086400000, 0x0000000086500000, 0x0000000086500000|100%| O|  |TAMS 0x0000000086400000| PB 0x0000000086400000| Untracked 
| 101|0x0000000086500000, 0x0000000086600000, 0x0000000086600000|100%| O|  |TAMS 0x0000000086500000| PB 0x0000000086500000| Untracked 
| 102|0x0000000086600000, 0x0000000086700000, 0x0000000086700000|100%| O|  |TAMS 0x0000000086600000| PB 0x0000000086600000| Untracked 
| 103|0x0000000086700000, 0x0000000086700000, 0x0000000086800000|  0%| F|  |TAMS 0x0000000086700000| PB 0x0000000086700000| Untracked 
| 104|0x0000000086800000, 0x0000000086800000, 0x0000000086900000|  0%| F|  |TAMS 0x0000000086800000| PB 0x0000000086800000| Untracked 
| 105|0x0000000086900000, 0x0000000086a00000, 0x0000000086a00000|100%| O|  |TAMS 0x0000000086900000| PB 0x0000000086900000| Untracked 
| 106|0x0000000086a00000, 0x0000000086b00000, 0x0000000086b00000|100%| O|  |TAMS 0x0000000086a00000| PB 0x0000000086a00000| Untracked 
| 107|0x0000000086b00000, 0x0000000086c00000, 0x0000000086c00000|100%| O|  |TAMS 0x0000000086b00000| PB 0x0000000086b00000| Untracked 
| 108|0x0000000086c00000, 0x0000000086d00000, 0x0000000086d00000|100%| O|  |TAMS 0x0000000086c00000| PB 0x0000000086c00000| Untracked 
| 109|0x0000000086d00000, 0x0000000086e00000, 0x0000000086e00000|100%| O|  |TAMS 0x0000000086d00000| PB 0x0000000086d00000| Untracked 
| 110|0x0000000086e00000, 0x0000000086f00000, 0x0000000086f00000|100%| O|  |TAMS 0x0000000086e00000| PB 0x0000000086e00000| Untracked 
| 111|0x0000000086f00000, 0x0000000087000000, 0x0000000087000000|100%| O|  |TAMS 0x0000000086f00000| PB 0x0000000086f00000| Untracked 
| 112|0x0000000087000000, 0x0000000087100000, 0x0000000087100000|100%| O|  |TAMS 0x0000000087000000| PB 0x0000000087000000| Untracked 
| 113|0x0000000087100000, 0x0000000087100000, 0x0000000087200000|  0%| F|  |TAMS 0x0000000087100000| PB 0x0000000087100000| Untracked 
| 114|0x0000000087200000, 0x0000000087300000, 0x0000000087300000|100%| O|  |TAMS 0x0000000087200000| PB 0x0000000087200000| Untracked 
| 115|0x0000000087300000, 0x0000000087400000, 0x0000000087400000|100%| O|  |TAMS 0x0000000087300000| PB 0x0000000087300000| Untracked 
| 116|0x0000000087400000, 0x0000000087400000, 0x0000000087500000|  0%| F|  |TAMS 0x0000000087400000| PB 0x0000000087400000| Untracked 
| 117|0x0000000087500000, 0x0000000087600000, 0x0000000087600000|100%| O|  |TAMS 0x0000000087500000| PB 0x0000000087500000| Untracked 
| 118|0x0000000087600000, 0x0000000087700000, 0x0000000087700000|100%| O|  |TAMS 0x0000000087600000| PB 0x0000000087600000| Untracked 
| 119|0x0000000087700000, 0x0000000087800000, 0x0000000087800000|100%| O|  |TAMS 0x0000000087700000| PB 0x0000000087700000| Untracked 
| 120|0x0000000087800000, 0x0000000087900000, 0x0000000087900000|100%| O|  |TAMS 0x0000000087800000| PB 0x0000000087800000| Untracked 
| 121|0x0000000087900000, 0x0000000087a00000, 0x0000000087a00000|100%| O|  |TAMS 0x0000000087900000| PB 0x0000000087900000| Untracked 
| 122|0x0000000087a00000, 0x0000000087a13470, 0x0000000087b00000|  7%| O|  |TAMS 0x0000000087a00000| PB 0x0000000087a00000| Untracked 
| 123|0x0000000087b00000, 0x0000000087b00000, 0x0000000087c00000|  0%| F|  |TAMS 0x0000000087b00000| PB 0x0000000087b00000| Untracked 
| 124|0x0000000087c00000, 0x0000000087c00000, 0x0000000087d00000|  0%| F|  |TAMS 0x0000000087c00000| PB 0x0000000087c00000| Untracked 
| 125|0x0000000087d00000, 0x0000000087e00000, 0x0000000087e00000|100%| O|  |TAMS 0x0000000087d00000| PB 0x0000000087d00000| Untracked 
| 126|0x0000000087e00000, 0x0000000087f00000, 0x0000000087f00000|100%| O|  |TAMS 0x0000000087e00000| PB 0x0000000087e00000| Untracked 
| 127|0x0000000087f00000, 0x0000000088000000, 0x0000000088000000|100%| O|  |TAMS 0x0000000087f00000| PB 0x0000000087f00000| Untracked 
| 128|0x0000000088000000, 0x0000000088000000, 0x0000000088100000|  0%| F|  |TAMS 0x0000000088000000| PB 0x0000000088000000| Untracked 
| 129|0x0000000088100000, 0x0000000088100000, 0x0000000088200000|  0%| F|  |TAMS 0x0000000088100000| PB 0x0000000088100000| Untracked 
| 130|0x0000000088200000, 0x0000000088200000, 0x0000000088300000|  0%| F|  |TAMS 0x0000000088200000| PB 0x0000000088200000| Untracked 
| 131|0x0000000088300000, 0x0000000088300000, 0x0000000088400000|  0%| F|  |TAMS 0x0000000088300000| PB 0x0000000088300000| Untracked 
| 132|0x0000000088400000, 0x0000000088400000, 0x0000000088500000|  0%| F|  |TAMS 0x0000000088400000| PB 0x0000000088400000| Untracked 
| 133|0x0000000088500000, 0x0000000088500000, 0x0000000088600000|  0%| F|  |TAMS 0x0000000088500000| PB 0x0000000088500000| Untracked 
| 134|0x0000000088600000, 0x0000000088600000, 0x0000000088700000|  0%| F|  |TAMS 0x0000000088600000| PB 0x0000000088600000| Untracked 
| 135|0x0000000088700000, 0x0000000088700000, 0x0000000088800000|  0%| F|  |TAMS 0x0000000088700000| PB 0x0000000088700000| Untracked 
| 136|0x0000000088800000, 0x0000000088800000, 0x0000000088900000|  0%| F|  |TAMS 0x0000000088800000| PB 0x0000000088800000| Untracked 
| 137|0x0000000088900000, 0x0000000088900000, 0x0000000088a00000|  0%| F|  |TAMS 0x0000000088900000| PB 0x0000000088900000| Untracked 
| 138|0x0000000088a00000, 0x0000000088a00000, 0x0000000088b00000|  0%| F|  |TAMS 0x0000000088a00000| PB 0x0000000088a00000| Untracked 
| 139|0x0000000088b00000, 0x0000000088b00000, 0x0000000088c00000|  0%| F|  |TAMS 0x0000000088b00000| PB 0x0000000088b00000| Untracked 
| 140|0x0000000088c00000, 0x0000000088c00000, 0x0000000088d00000|  0%| F|  |TAMS 0x0000000088c00000| PB 0x0000000088c00000| Untracked 
| 141|0x0000000088d00000, 0x0000000088d00000, 0x0000000088e00000|  0%| F|  |TAMS 0x0000000088d00000| PB 0x0000000088d00000| Untracked 
| 142|0x0000000088e00000, 0x0000000088e00000, 0x0000000088f00000|  0%| F|  |TAMS 0x0000000088e00000| PB 0x0000000088e00000| Untracked 
| 143|0x0000000088f00000, 0x0000000088f00000, 0x0000000089000000|  0%| F|  |TAMS 0x0000000088f00000| PB 0x0000000088f00000| Untracked 
| 144|0x0000000089000000, 0x0000000089000000, 0x0000000089100000|  0%| F|  |TAMS 0x0000000089000000| PB 0x0000000089000000| Untracked 
| 145|0x0000000089100000, 0x0000000089100000, 0x0000000089200000|  0%| F|  |TAMS 0x0000000089100000| PB 0x0000000089100000| Untracked 
| 146|0x0000000089200000, 0x0000000089200000, 0x0000000089300000|  0%| F|  |TAMS 0x0000000089200000| PB 0x0000000089200000| Untracked 
| 147|0x0000000089300000, 0x0000000089300000, 0x0000000089400000|  0%| F|  |TAMS 0x0000000089300000| PB 0x0000000089300000| Untracked 
| 148|0x0000000089400000, 0x0000000089400000, 0x0000000089500000|  0%| F|  |TAMS 0x0000000089400000| PB 0x0000000089400000| Untracked 
| 149|0x0000000089500000, 0x0000000089500000, 0x0000000089600000|  0%| F|  |TAMS 0x0000000089500000| PB 0x0000000089500000| Untracked 
| 150|0x0000000089600000, 0x0000000089600000, 0x0000000089700000|  0%| F|  |TAMS 0x0000000089600000| PB 0x0000000089600000| Untracked 
| 151|0x0000000089700000, 0x0000000089700000, 0x0000000089800000|  0%| F|  |TAMS 0x0000000089700000| PB 0x0000000089700000| Untracked 
| 152|0x0000000089800000, 0x0000000089800000, 0x0000000089900000|  0%| F|  |TAMS 0x0000000089800000| PB 0x0000000089800000| Untracked 
| 153|0x0000000089900000, 0x0000000089900000, 0x0000000089a00000|  0%| F|  |TAMS 0x0000000089900000| PB 0x0000000089900000| Untracked 
| 154|0x0000000089a00000, 0x0000000089a00000, 0x0000000089b00000|  0%| F|  |TAMS 0x0000000089a00000| PB 0x0000000089a00000| Untracked 
| 155|0x0000000089b00000, 0x0000000089b00000, 0x0000000089c00000|  0%| F|  |TAMS 0x0000000089b00000| PB 0x0000000089b00000| Untracked 
| 156|0x0000000089c00000, 0x0000000089c00000, 0x0000000089d00000|  0%| F|  |TAMS 0x0000000089c00000| PB 0x0000000089c00000| Untracked 
| 157|0x0000000089d00000, 0x0000000089d00000, 0x0000000089e00000|  0%| F|  |TAMS 0x0000000089d00000| PB 0x0000000089d00000| Untracked 
| 158|0x0000000089e00000, 0x0000000089e00000, 0x0000000089f00000|  0%| F|  |TAMS 0x0000000089e00000| PB 0x0000000089e00000| Untracked 
| 159|0x0000000089f00000, 0x0000000089f00000, 0x000000008a000000|  0%| F|  |TAMS 0x0000000089f00000| PB 0x0000000089f00000| Untracked 
| 160|0x000000008a000000, 0x000000008a000000, 0x000000008a100000|  0%| F|  |TAMS 0x000000008a000000| PB 0x000000008a000000| Untracked 
| 161|0x000000008a100000, 0x000000008a100000, 0x000000008a200000|  0%| F|  |TAMS 0x000000008a100000| PB 0x000000008a100000| Untracked 
| 162|0x000000008a200000, 0x000000008a200000, 0x000000008a300000|  0%| F|  |TAMS 0x000000008a200000| PB 0x000000008a200000| Untracked 
| 163|0x000000008a300000, 0x000000008a300000, 0x000000008a400000|  0%| F|  |TAMS 0x000000008a300000| PB 0x000000008a300000| Untracked 
| 164|0x000000008a400000, 0x000000008a400000, 0x000000008a500000|  0%| F|  |TAMS 0x000000008a400000| PB 0x000000008a400000| Untracked 
| 165|0x000000008a500000, 0x000000008a5bbdb8, 0x000000008a600000| 73%| S|CS|TAMS 0x000000008a500000| PB 0x000000008a500000| Complete 
| 166|0x000000008a600000, 0x000000008a700000, 0x000000008a700000|100%| S|CS|TAMS 0x000000008a600000| PB 0x000000008a600000| Complete 
| 167|0x000000008a700000, 0x000000008a800000, 0x000000008a800000|100%| S|CS|TAMS 0x000000008a700000| PB 0x000000008a700000| Complete 
| 168|0x000000008a800000, 0x000000008a900000, 0x000000008a900000|100%| S|CS|TAMS 0x000000008a800000| PB 0x000000008a800000| Complete 
| 169|0x000000008a900000, 0x000000008aa00000, 0x000000008aa00000|100%| S|CS|TAMS 0x000000008a900000| PB 0x000000008a900000| Complete 
| 170|0x000000008aa00000, 0x000000008aa00000, 0x000000008ab00000|  0%| F|  |TAMS 0x000000008aa00000| PB 0x000000008aa00000| Untracked 
| 171|0x000000008ab00000, 0x000000008ab00000, 0x000000008ac00000|  0%| F|  |TAMS 0x000000008ab00000| PB 0x000000008ab00000| Untracked 
| 172|0x000000008ac00000, 0x000000008ac00000, 0x000000008ad00000|  0%| F|  |TAMS 0x000000008ac00000| PB 0x000000008ac00000| Untracked 
| 173|0x000000008ad00000, 0x000000008ad00000, 0x000000008ae00000|  0%| F|  |TAMS 0x000000008ad00000| PB 0x000000008ad00000| Untracked 
| 174|0x000000008ae00000, 0x000000008ae00000, 0x000000008af00000|  0%| F|  |TAMS 0x000000008ae00000| PB 0x000000008ae00000| Untracked 
| 175|0x000000008af00000, 0x000000008af00000, 0x000000008b000000|  0%| F|  |TAMS 0x000000008af00000| PB 0x000000008af00000| Untracked 
| 176|0x000000008b000000, 0x000000008b000000, 0x000000008b100000|  0%| F|  |TAMS 0x000000008b000000| PB 0x000000008b000000| Untracked 
| 177|0x000000008b100000, 0x000000008b100000, 0x000000008b200000|  0%| F|  |TAMS 0x000000008b100000| PB 0x000000008b100000| Untracked 
| 178|0x000000008b200000, 0x000000008b200000, 0x000000008b300000|  0%| F|  |TAMS 0x000000008b200000| PB 0x000000008b200000| Untracked 
| 179|0x000000008b300000, 0x000000008b300000, 0x000000008b400000|  0%| F|  |TAMS 0x000000008b300000| PB 0x000000008b300000| Untracked 
| 180|0x000000008b400000, 0x000000008b400000, 0x000000008b500000|  0%| F|  |TAMS 0x000000008b400000| PB 0x000000008b400000| Untracked 
| 181|0x000000008b500000, 0x000000008b500000, 0x000000008b600000|  0%| F|  |TAMS 0x000000008b500000| PB 0x000000008b500000| Untracked 
| 182|0x000000008b600000, 0x000000008b600000, 0x000000008b700000|  0%| F|  |TAMS 0x000000008b600000| PB 0x000000008b600000| Untracked 
| 183|0x000000008b700000, 0x000000008b700000, 0x000000008b800000|  0%| F|  |TAMS 0x000000008b700000| PB 0x000000008b700000| Untracked 
| 184|0x000000008b800000, 0x000000008b800000, 0x000000008b900000|  0%| F|  |TAMS 0x000000008b800000| PB 0x000000008b800000| Untracked 
| 185|0x000000008b900000, 0x000000008b900000, 0x000000008ba00000|  0%| F|  |TAMS 0x000000008b900000| PB 0x000000008b900000| Untracked 
| 186|0x000000008ba00000, 0x000000008ba00000, 0x000000008bb00000|  0%| F|  |TAMS 0x000000008ba00000| PB 0x000000008ba00000| Untracked 
| 187|0x000000008bb00000, 0x000000008bb00000, 0x000000008bc00000|  0%| F|  |TAMS 0x000000008bb00000| PB 0x000000008bb00000| Untracked 
| 188|0x000000008bc00000, 0x000000008bc00000, 0x000000008bd00000|  0%| F|  |TAMS 0x000000008bc00000| PB 0x000000008bc00000| Untracked 
| 189|0x000000008bd00000, 0x000000008bd00000, 0x000000008be00000|  0%| F|  |TAMS 0x000000008bd00000| PB 0x000000008bd00000| Untracked 
| 190|0x000000008be00000, 0x000000008be00000, 0x000000008bf00000|  0%| F|  |TAMS 0x000000008be00000| PB 0x000000008be00000| Untracked 
| 191|0x000000008bf00000, 0x000000008bf00000, 0x000000008c000000|  0%| F|  |TAMS 0x000000008bf00000| PB 0x000000008bf00000| Untracked 
| 192|0x000000008c000000, 0x000000008c000000, 0x000000008c100000|  0%| F|  |TAMS 0x000000008c000000| PB 0x000000008c000000| Untracked 
| 193|0x000000008c100000, 0x000000008c100000, 0x000000008c200000|  0%| F|  |TAMS 0x000000008c100000| PB 0x000000008c100000| Untracked 
| 194|0x000000008c200000, 0x000000008c200000, 0x000000008c300000|  0%| F|  |TAMS 0x000000008c200000| PB 0x000000008c200000| Untracked 
| 195|0x000000008c300000, 0x000000008c300000, 0x000000008c400000|  0%| F|  |TAMS 0x000000008c300000| PB 0x000000008c300000| Untracked 
| 196|0x000000008c400000, 0x000000008c400000, 0x000000008c500000|  0%| F|  |TAMS 0x000000008c400000| PB 0x000000008c400000| Untracked 
| 197|0x000000008c500000, 0x000000008c500000, 0x000000008c600000|  0%| F|  |TAMS 0x000000008c500000| PB 0x000000008c500000| Untracked 
| 198|0x000000008c600000, 0x000000008c600000, 0x000000008c700000|  0%| F|  |TAMS 0x000000008c600000| PB 0x000000008c600000| Untracked 
| 199|0x000000008c700000, 0x000000008c700000, 0x000000008c800000|  0%| F|  |TAMS 0x000000008c700000| PB 0x000000008c700000| Untracked 
| 200|0x000000008c800000, 0x000000008c800000, 0x000000008c900000|  0%| F|  |TAMS 0x000000008c800000| PB 0x000000008c800000| Untracked 
| 201|0x000000008c900000, 0x000000008c900000, 0x000000008ca00000|  0%| F|  |TAMS 0x000000008c900000| PB 0x000000008c900000| Untracked 
| 202|0x000000008ca00000, 0x000000008ca00000, 0x000000008cb00000|  0%| F|  |TAMS 0x000000008ca00000| PB 0x000000008ca00000| Untracked 
| 203|0x000000008cb00000, 0x000000008cb00000, 0x000000008cc00000|  0%| F|  |TAMS 0x000000008cb00000| PB 0x000000008cb00000| Untracked 
| 204|0x000000008cc00000, 0x000000008cc00000, 0x000000008cd00000|  0%| F|  |TAMS 0x000000008cc00000| PB 0x000000008cc00000| Untracked 
| 205|0x000000008cd00000, 0x000000008cd00000, 0x000000008ce00000|  0%| F|  |TAMS 0x000000008cd00000| PB 0x000000008cd00000| Untracked 
| 206|0x000000008ce00000, 0x000000008ce00000, 0x000000008cf00000|  0%| F|  |TAMS 0x000000008ce00000| PB 0x000000008ce00000| Untracked 
| 207|0x000000008cf00000, 0x000000008cf00000, 0x000000008d000000|  0%| F|  |TAMS 0x000000008cf00000| PB 0x000000008cf00000| Untracked 
| 208|0x000000008d000000, 0x000000008d000000, 0x000000008d100000|  0%| F|  |TAMS 0x000000008d000000| PB 0x000000008d000000| Untracked 
| 209|0x000000008d100000, 0x000000008d100000, 0x000000008d200000|  0%| F|  |TAMS 0x000000008d100000| PB 0x000000008d100000| Untracked 
| 210|0x000000008d200000, 0x000000008d200000, 0x000000008d300000|  0%| F|  |TAMS 0x000000008d200000| PB 0x000000008d200000| Untracked 
| 211|0x000000008d300000, 0x000000008d300000, 0x000000008d400000|  0%| F|  |TAMS 0x000000008d300000| PB 0x000000008d300000| Untracked 
| 212|0x000000008d400000, 0x000000008d400000, 0x000000008d500000|  0%| F|  |TAMS 0x000000008d400000| PB 0x000000008d400000| Untracked 
| 213|0x000000008d500000, 0x000000008d500000, 0x000000008d600000|  0%| F|  |TAMS 0x000000008d500000| PB 0x000000008d500000| Untracked 
| 214|0x000000008d600000, 0x000000008d600000, 0x000000008d700000|  0%| F|  |TAMS 0x000000008d600000| PB 0x000000008d600000| Untracked 
| 215|0x000000008d700000, 0x000000008d700000, 0x000000008d800000|  0%| F|  |TAMS 0x000000008d700000| PB 0x000000008d700000| Untracked 
| 216|0x000000008d800000, 0x000000008d800000, 0x000000008d900000|  0%| F|  |TAMS 0x000000008d800000| PB 0x000000008d800000| Untracked 
| 217|0x000000008d900000, 0x000000008d900000, 0x000000008da00000|  0%| F|  |TAMS 0x000000008d900000| PB 0x000000008d900000| Untracked 
| 218|0x000000008da00000, 0x000000008da00000, 0x000000008db00000|  0%| F|  |TAMS 0x000000008da00000| PB 0x000000008da00000| Untracked 
| 219|0x000000008db00000, 0x000000008db00000, 0x000000008dc00000|  0%| F|  |TAMS 0x000000008db00000| PB 0x000000008db00000| Untracked 
| 220|0x000000008dc00000, 0x000000008dc00000, 0x000000008dd00000|  0%| F|  |TAMS 0x000000008dc00000| PB 0x000000008dc00000| Untracked 
| 221|0x000000008dd00000, 0x000000008dd00000, 0x000000008de00000|  0%| F|  |TAMS 0x000000008dd00000| PB 0x000000008dd00000| Untracked 
| 222|0x000000008de00000, 0x000000008de00000, 0x000000008df00000|  0%| F|  |TAMS 0x000000008de00000| PB 0x000000008de00000| Untracked 
| 223|0x000000008df00000, 0x000000008df00000, 0x000000008e000000|  0%| F|  |TAMS 0x000000008df00000| PB 0x000000008df00000| Untracked 
| 224|0x000000008e000000, 0x000000008e000000, 0x000000008e100000|  0%| F|  |TAMS 0x000000008e000000| PB 0x000000008e000000| Untracked 
| 225|0x000000008e100000, 0x000000008e100000, 0x000000008e200000|  0%| F|  |TAMS 0x000000008e100000| PB 0x000000008e100000| Untracked 
| 226|0x000000008e200000, 0x000000008e200000, 0x000000008e300000|  0%| F|  |TAMS 0x000000008e200000| PB 0x000000008e200000| Untracked 
| 227|0x000000008e300000, 0x000000008e300000, 0x000000008e400000|  0%| F|  |TAMS 0x000000008e300000| PB 0x000000008e300000| Untracked 
| 228|0x000000008e400000, 0x000000008e400000, 0x000000008e500000|  0%| F|  |TAMS 0x000000008e400000| PB 0x000000008e400000| Untracked 
| 229|0x000000008e500000, 0x000000008e500000, 0x000000008e600000|  0%| F|  |TAMS 0x000000008e500000| PB 0x000000008e500000| Untracked 
| 230|0x000000008e600000, 0x000000008e600000, 0x000000008e700000|  0%| F|  |TAMS 0x000000008e600000| PB 0x000000008e600000| Untracked 
| 231|0x000000008e700000, 0x000000008e700000, 0x000000008e800000|  0%| F|  |TAMS 0x000000008e700000| PB 0x000000008e700000| Untracked 
| 232|0x000000008e800000, 0x000000008e800000, 0x000000008e900000|  0%| F|  |TAMS 0x000000008e800000| PB 0x000000008e800000| Untracked 
| 233|0x000000008e900000, 0x000000008e900000, 0x000000008ea00000|  0%| F|  |TAMS 0x000000008e900000| PB 0x000000008e900000| Untracked 
| 234|0x000000008ea00000, 0x000000008ea00000, 0x000000008eb00000|  0%| F|  |TAMS 0x000000008ea00000| PB 0x000000008ea00000| Untracked 
| 235|0x000000008eb00000, 0x000000008eb00000, 0x000000008ec00000|  0%| F|  |TAMS 0x000000008eb00000| PB 0x000000008eb00000| Untracked 
| 236|0x000000008ec00000, 0x000000008ec00000, 0x000000008ed00000|  0%| F|  |TAMS 0x000000008ec00000| PB 0x000000008ec00000| Untracked 
| 237|0x000000008ed00000, 0x000000008ed00000, 0x000000008ee00000|  0%| F|  |TAMS 0x000000008ed00000| PB 0x000000008ed00000| Untracked 
| 238|0x000000008ee00000, 0x000000008ee00000, 0x000000008ef00000|  0%| F|  |TAMS 0x000000008ee00000| PB 0x000000008ee00000| Untracked 
| 239|0x000000008ef00000, 0x000000008ef00000, 0x000000008f000000|  0%| F|  |TAMS 0x000000008ef00000| PB 0x000000008ef00000| Untracked 
| 240|0x000000008f000000, 0x000000008f000000, 0x000000008f100000|  0%| F|  |TAMS 0x000000008f000000| PB 0x000000008f000000| Untracked 
| 241|0x000000008f100000, 0x000000008f100000, 0x000000008f200000|  0%| F|  |TAMS 0x000000008f100000| PB 0x000000008f100000| Untracked 
| 242|0x000000008f200000, 0x000000008f200000, 0x000000008f300000|  0%| F|  |TAMS 0x000000008f200000| PB 0x000000008f200000| Untracked 
| 243|0x000000008f300000, 0x000000008f300000, 0x000000008f400000|  0%| F|  |TAMS 0x000000008f300000| PB 0x000000008f300000| Untracked 
| 244|0x000000008f400000, 0x000000008f400000, 0x000000008f500000|  0%| F|  |TAMS 0x000000008f400000| PB 0x000000008f400000| Untracked 
| 245|0x000000008f500000, 0x000000008f500000, 0x000000008f600000|  0%| F|  |TAMS 0x000000008f500000| PB 0x000000008f500000| Untracked 
| 246|0x000000008f600000, 0x000000008f600000, 0x000000008f700000|  0%| F|  |TAMS 0x000000008f600000| PB 0x000000008f600000| Untracked 
| 247|0x000000008f700000, 0x000000008f700000, 0x000000008f800000|  0%| F|  |TAMS 0x000000008f700000| PB 0x000000008f700000| Untracked 
| 248|0x000000008f800000, 0x000000008f800000, 0x000000008f900000|  0%| F|  |TAMS 0x000000008f800000| PB 0x000000008f800000| Untracked 
| 249|0x000000008f900000, 0x000000008f900000, 0x000000008fa00000|  0%| F|  |TAMS 0x000000008f900000| PB 0x000000008f900000| Untracked 
| 250|0x000000008fa00000, 0x000000008fa00000, 0x000000008fb00000|  0%| F|  |TAMS 0x000000008fa00000| PB 0x000000008fa00000| Untracked 
| 251|0x000000008fb00000, 0x000000008fb00000, 0x000000008fc00000|  0%| F|  |TAMS 0x000000008fb00000| PB 0x000000008fb00000| Untracked 
| 252|0x000000008fc00000, 0x000000008fc00000, 0x000000008fd00000|  0%| F|  |TAMS 0x000000008fc00000| PB 0x000000008fc00000| Untracked 
| 253|0x000000008fd00000, 0x000000008fd00000, 0x000000008fe00000|  0%| F|  |TAMS 0x000000008fd00000| PB 0x000000008fd00000| Untracked 
|2032|0x00000000ff000000, 0x00000000ff100000, 0x00000000ff100000|100%| O|  |TAMS 0x00000000ff000000| PB 0x00000000ff000000| Untracked 
|2033|0x00000000ff100000, 0x00000000ff100000, 0x00000000ff200000|  0%| F|  |TAMS 0x00000000ff100000| PB 0x00000000ff100000| Untracked 
|2034|0x00000000ff200000, 0x00000000ff300000, 0x00000000ff300000|100%| O|  |TAMS 0x00000000ff200000| PB 0x00000000ff200000| Untracked 
|2035|0x00000000ff300000, 0x00000000ff400000, 0x00000000ff400000|100%| O|  |TAMS 0x00000000ff300000| PB 0x00000000ff300000| Untracked 
|2036|0x00000000ff400000, 0x00000000ff500000, 0x00000000ff500000|100%| O|  |TAMS 0x00000000ff400000| PB 0x00000000ff400000| Untracked 
|2037|0x00000000ff500000, 0x00000000ff600000, 0x00000000ff600000|100%| O|  |TAMS 0x00000000ff500000| PB 0x00000000ff500000| Untracked 
|2038|0x00000000ff600000, 0x00000000ff700000, 0x00000000ff700000|100%| O|  |TAMS 0x00000000ff600000| PB 0x00000000ff600000| Untracked 
|2039|0x00000000ff700000, 0x00000000ff800000, 0x00000000ff800000|100%| O|  |TAMS 0x00000000ff700000| PB 0x00000000ff700000| Untracked 
|2040|0x00000000ff800000, 0x00000000ff900000, 0x00000000ff900000|100%| O|  |TAMS 0x00000000ff800000| PB 0x00000000ff800000| Untracked 
|2041|0x00000000ff900000, 0x00000000ff900000, 0x00000000ffa00000|  0%| F|  |TAMS 0x00000000ff900000| PB 0x00000000ff900000| Untracked 
|2042|0x00000000ffa00000, 0x00000000ffb00000, 0x00000000ffb00000|100%| O|  |TAMS 0x00000000ffa00000| PB 0x00000000ffa00000| Untracked 
|2043|0x00000000ffb00000, 0x00000000ffc00000, 0x00000000ffc00000|100%| O|  |TAMS 0x00000000ffb00000| PB 0x00000000ffb00000| Untracked 
|2044|0x00000000ffc00000, 0x00000000ffd00000, 0x00000000ffd00000|100%| O|  |TAMS 0x00000000ffc00000| PB 0x00000000ffc00000| Untracked 
|2045|0x00000000ffd00000, 0x00000000ffe00000, 0x00000000ffe00000|100%| O|  |TAMS 0x00000000ffd00000| PB 0x00000000ffd00000| Untracked 
|2046|0x00000000ffe00000, 0x00000000fff00000, 0x00000000fff00000|100%| O|  |TAMS 0x00000000ffe00000| PB 0x00000000ffe00000| Untracked 
|2047|0x00000000fff00000, 0x0000000100000000, 0x0000000100000000|100%| O|  |TAMS 0x00000000fff00000| PB 0x00000000fff00000| Untracked 

Card table byte_map: [0x000001fc632c0000,0x000001fc636c0000] _byte_map_base: 0x000001fc62ec0000

Marking Bits: (CMBitMap*) 0x000001fc497cffd0
 Bits: [0x000001fc636c0000, 0x000001fc656c0000)

Polling page: 0x000001fc494e0000

Metaspace:

Usage:
  Non-class:     88.48 MB used.
      Class:     13.65 MB used.
       Both:    102.13 MB used.

Virtual space:
  Non-class space:      128.00 MB reserved,      89.62 MB ( 70%) committed,  2 nodes.
      Class space:        1.00 GB reserved,      14.75 MB (  1%) committed,  1 nodes.
             Both:        1.12 GB reserved,     104.38 MB (  9%) committed. 

Chunk freelists:
   Non-Class:  6.41 MB
       Class:  1.25 MB
        Both:  7.66 MB

MaxMetaspaceSize: unlimited
CompressedClassSpaceSize: 1.00 GB
Initial GC threshold: 21.00 MB
Current GC threshold: 166.69 MB
CDS: on
 - commit_granule_bytes: 65536.
 - commit_granule_words: 8192.
 - virtual_space_node_default_size: 8388608.
 - enlarge_chunks_in_place: 1.
 - use_allocation_guard: 0.


Internal statistics:

num_allocs_failed_limit: 12.
num_arena_births: 4136.
num_arena_deaths: 0.
num_vsnodes_births: 3.
num_vsnodes_deaths: 0.
num_space_committed: 1665.
num_space_uncommitted: 0.
num_chunks_returned_to_freelist: 12.
num_chunks_taken_from_freelist: 8916.
num_chunk_merges: 12.
num_chunk_splits: 5838.
num_chunks_enlarged: 3671.
num_inconsistent_stats: 0.

CodeHeap 'non-profiled nmethods': size=120000Kb used=7485Kb max_used=7485Kb free=112514Kb
 bounds [0x000001fc5ad00000, 0x000001fc5b460000, 0x000001fc62230000]
CodeHeap 'profiled nmethods': size=120000Kb used=21257Kb max_used=22685Kb free=98742Kb
 bounds [0x000001fc53230000, 0x000001fc54880000, 0x000001fc5a760000]
CodeHeap 'non-nmethods': size=5760Kb used=3227Kb max_used=3278Kb free=2532Kb
 bounds [0x000001fc5a760000, 0x000001fc5aaa0000, 0x000001fc5ad00000]
 total_blobs=11709 nmethods=10688 adapters=925
 compilation: enabled
              stopped_count=0, restarted_count=0
 full_count=0

Compilation events (20 events):
Event: 83.162 Thread 0x000001fc712eadb0 nmethod 16703 0x000001fc5b351910 code [0x000001fc5b351aa0, 0x000001fc5b351c68]
Event: 83.186 Thread 0x000001fc68409590 16704       3       kotlin.reflect.jvm.internal.ReflectProperties::lazySoft (14 bytes)
Event: 83.186 Thread 0x000001fc712eadb0 16705       4       kotlin.jvm.internal.CallableReference::<init> (32 bytes)
Event: 83.186 Thread 0x000001fc68409590 nmethod 16704 0x000001fc54373e90 code [0x000001fc54374060, 0x000001fc54374328]
Event: 83.186 Thread 0x000001fc68409590 16706       3       kotlin.jvm.internal.Reflection::getOrCreateKotlinClass (8 bytes)
Event: 83.187 Thread 0x000001fc68409590 nmethod 16706 0x000001fc53bf7c10 code [0x000001fc53bf7ec0, 0x000001fc53bf8aa0]
Event: 83.187 Thread 0x000001fc68409590 16707       3       kotlin.reflect.jvm.internal.ReflectionFactoryImpl::getOrCreateKotlinClass (5 bytes)
Event: 83.187 Thread 0x000001fc68409590 nmethod 16707 0x000001fc53d33590 code [0x000001fc53d33840, 0x000001fc53d343c8]
Event: 83.187 Thread 0x000001fc68409590 16708       3       kotlin.reflect.jvm.internal.CachesKt::getOrCreateKotlinClass (23 bytes)
Event: 83.188 Thread 0x000001fc68409590 nmethod 16708 0x000001fc532b9790 code [0x000001fc532b9a20, 0x000001fc532ba518]
Event: 83.189 Thread 0x000001fc712eadb0 nmethod 16705 0x000001fc5b351290 code [0x000001fc5b351420, 0x000001fc5b351878]
Event: 83.195 Thread 0x000001fc68409590 16709       3       kotlin.reflect.jvm.internal.impl.renderer.DescriptorRendererOptionsImpl::property (20 bytes)
Event: 83.196 Thread 0x000001fc68409590 nmethod 16709 0x000001fc532b9090 code [0x000001fc532b9240, 0x000001fc532b9578]
Event: 83.196 Thread 0x000001fc68409590 16710       3       kotlin.reflect.jvm.internal.impl.renderer.DescriptorRendererOptionsImpl$property$$inlined$vetoable$1::<init> (11 bytes)
Event: 83.196 Thread 0x000001fc68409590 nmethod 16710 0x000001fc53bf7710 code [0x000001fc53bf78c0, 0x000001fc53bf7b40]
Event: 83.221 Thread 0x000001fc712eadb0 16711   !   4       java.net.URLClassLoader::defineClass (224 bytes)
Event: 83.225 Thread 0x000001fc68409590 16712   !   3       java.util.ServiceLoader$LazyClassPathLookupIterator::hasNextService (144 bytes)
Event: 83.225 Thread 0x000001fc683d5b10 16713       4       jdk.internal.module.ModuleReferenceImpl::hashCode (56 bytes)
Event: 83.226 Thread 0x000001fc68409590 nmethod 16712 0x000001fc534c0010 code [0x000001fc534c03c0, 0x000001fc534c1850]
Event: 83.228 Thread 0x000001fc683d5b10 nmethod 16713 0x000001fc5b32ca10 code [0x000001fc5b32cc20, 0x000001fc5b32cf58]

GC Heap History (20 events):
Event: 78.325 GC heap after
{Heap after GC invocations=30 (full 0):
 garbage-first heap   total 157696K, used 91593K [0x0000000080000000, 0x0000000100000000)
  region size 1024K, 4 young (4096K), 4 survivors (4096K)
 Metaspace       used 86803K, committed 89088K, reserved 1179648K
  class space    used 12107K, committed 13248K, reserved 1048576K
}
Event: 78.897 GC heap before
{Heap before GC invocations=30 (full 0):
 garbage-first heap   total 157696K, used 143817K [0x0000000080000000, 0x0000000100000000)
  region size 1024K, 55 young (56320K), 4 survivors (4096K)
 Metaspace       used 90489K, committed 92736K, reserved 1179648K
  class space    used 12531K, committed 13632K, reserved 1048576K
}
Event: 78.902 GC heap after
{Heap after GC invocations=31 (full 0):
 garbage-first heap   total 157696K, used 93594K [0x0000000080000000, 0x0000000100000000)
  region size 1024K, 7 young (7168K), 7 survivors (7168K)
 Metaspace       used 90489K, committed 92736K, reserved 1179648K
  class space    used 12531K, committed 13632K, reserved 1048576K
}
Event: 79.265 GC heap before
{Heap before GC invocations=31 (full 0):
 garbage-first heap   total 157696K, used 117146K [0x0000000080000000, 0x0000000100000000)
  region size 1024K, 32 young (32768K), 7 survivors (7168K)
 Metaspace       used 91759K, committed 94080K, reserved 1179648K
  class space    used 12730K, committed 13888K, reserved 1048576K
}
Event: 79.270 GC heap after
{Heap after GC invocations=32 (full 0):
 garbage-first heap   total 157696K, used 96068K [0x0000000080000000, 0x0000000100000000)
  region size 1024K, 7 young (7168K), 7 survivors (7168K)
 Metaspace       used 91759K, committed 94080K, reserved 1179648K
  class space    used 12730K, committed 13888K, reserved 1048576K
}
Event: 79.782 GC heap before
{Heap before GC invocations=33 (full 0):
 garbage-first heap   total 173056K, used 144196K [0x0000000080000000, 0x0000000100000000)
  region size 1024K, 50 young (51200K), 7 survivors (7168K)
 Metaspace       used 93477K, committed 95680K, reserved 1179648K
  class space    used 12866K, committed 13952K, reserved 1048576K
}
Event: 79.787 GC heap after
{Heap after GC invocations=34 (full 0):
 garbage-first heap   total 173056K, used 98623K [0x0000000080000000, 0x0000000100000000)
  region size 1024K, 6 young (6144K), 6 survivors (6144K)
 Metaspace       used 93477K, committed 95680K, reserved 1179648K
  class space    used 12866K, committed 13952K, reserved 1048576K
}
Event: 80.630 GC heap before
{Heap before GC invocations=34 (full 0):
 garbage-first heap   total 173056K, used 164159K [0x0000000080000000, 0x0000000100000000)
  region size 1024K, 62 young (63488K), 6 survivors (6144K)
 Metaspace       used 95694K, committed 97920K, reserved 1179648K
  class space    used 13070K, committed 14208K, reserved 1048576K
}
Event: 80.640 GC heap after
{Heap after GC invocations=35 (full 0):
 garbage-first heap   total 185344K, used 111008K [0x0000000080000000, 0x0000000100000000)
  region size 1024K, 8 young (8192K), 8 survivors (8192K)
 Metaspace       used 95694K, committed 97920K, reserved 1179648K
  class space    used 13070K, committed 14208K, reserved 1048576K
}
Event: 81.044 GC heap before
{Heap before GC invocations=35 (full 0):
 garbage-first heap   total 185344K, used 145824K [0x0000000080000000, 0x0000000100000000)
  region size 1024K, 44 young (45056K), 8 survivors (8192K)
 Metaspace       used 96135K, committed 98432K, reserved 1179648K
  class space    used 13106K, committed 14272K, reserved 1048576K
}
Event: 81.054 GC heap after
{Heap after GC invocations=36 (full 0):
 garbage-first heap   total 185344K, used 127130K [0x0000000080000000, 0x0000000100000000)
  region size 1024K, 8 young (8192K), 8 survivors (8192K)
 Metaspace       used 96135K, committed 98432K, reserved 1179648K
  class space    used 13106K, committed 14272K, reserved 1048576K
}
Event: 81.575 GC heap before
{Heap before GC invocations=37 (full 0):
 garbage-first heap   total 230400K, used 167066K [0x0000000080000000, 0x0000000100000000)
  region size 1024K, 40 young (40960K), 8 survivors (8192K)
 Metaspace       used 96358K, committed 98624K, reserved 1179648K
  class space    used 13124K, committed 14272K, reserved 1048576K
}
Event: 81.582 GC heap after
{Heap after GC invocations=38 (full 0):
 garbage-first heap   total 230400K, used 131850K [0x0000000080000000, 0x0000000100000000)
  region size 1024K, 4 young (4096K), 4 survivors (4096K)
 Metaspace       used 96358K, committed 98624K, reserved 1179648K
  class space    used 13124K, committed 14272K, reserved 1048576K
}
Event: 81.857 GC heap before
{Heap before GC invocations=38 (full 0):
 garbage-first heap   total 230400K, used 201482K [0x0000000080000000, 0x0000000100000000)
  region size 1024K, 58 young (59392K), 4 survivors (4096K)
 Metaspace       used 98039K, committed 100288K, reserved 1179648K
  class space    used 13239K, committed 14336K, reserved 1048576K
}
Event: 81.865 GC heap after
{Heap after GC invocations=39 (full 0):
 garbage-first heap   total 230400K, used 138074K [0x0000000080000000, 0x0000000100000000)
  region size 1024K, 8 young (8192K), 8 survivors (8192K)
 Metaspace       used 98039K, committed 100288K, reserved 1179648K
  class space    used 13239K, committed 14336K, reserved 1048576K
}
Event: 82.089 GC heap before
{Heap before GC invocations=39 (full 0):
 garbage-first heap   total 230400K, used 192346K [0x0000000080000000, 0x0000000100000000)
  region size 1024K, 62 young (63488K), 8 survivors (8192K)
 Metaspace       used 99921K, committed 102208K, reserved 1179648K
  class space    used 13441K, committed 14592K, reserved 1048576K
}
Event: 82.095 GC heap after
{Heap after GC invocations=40 (full 0):
 garbage-first heap   total 230400K, used 143459K [0x0000000080000000, 0x0000000100000000)
  region size 1024K, 5 young (5120K), 5 survivors (5120K)
 Metaspace       used 99921K, committed 102208K, reserved 1179648K
  class space    used 13441K, committed 14592K, reserved 1048576K
}
Event: 82.335 GC heap before
{Heap before GC invocations=41 (full 0):
 garbage-first heap   total 276480K, used 196707K [0x0000000080000000, 0x0000000100000000)
  region size 1024K, 58 young (59392K), 5 survivors (5120K)
 Metaspace       used 100636K, committed 102912K, reserved 1179648K
  class space    used 13508K, committed 14656K, reserved 1048576K
}
Event: 82.339 GC heap after
{Heap after GC invocations=42 (full 0):
 garbage-first heap   total 276480K, used 146453K [0x0000000080000000, 0x0000000100000000)
  region size 1024K, 5 young (5120K), 5 survivors (5120K)
 Metaspace       used 100636K, committed 102912K, reserved 1179648K
  class space    used 13508K, committed 14656K, reserved 1048576K
}
Event: 83.233 GC heap before
{Heap before GC invocations=42 (full 0):
 garbage-first heap   total 276480K, used 228373K [0x0000000080000000, 0x0000000100000000)
  region size 1024K, 86 young (88064K), 5 survivors (5120K)
 Metaspace       used 104578K, committed 106880K, reserved 1179648K
  class space    used 13974K, committed 15104K, reserved 1048576K
}

Dll operation events (15 events):
Event: 0.014 Loaded shared library C:\Program Files\Java\jdk-21\bin\java.dll
Event: 0.063 Loaded shared library C:\Program Files\Java\jdk-21\bin\jsvml.dll
Event: 0.137 Loaded shared library C:\Program Files\Java\jdk-21\bin\zip.dll
Event: 0.148 Loaded shared library C:\Program Files\Java\jdk-21\bin\instrument.dll
Event: 0.155 Loaded shared library C:\Program Files\Java\jdk-21\bin\net.dll
Event: 0.158 Loaded shared library C:\Program Files\Java\jdk-21\bin\nio.dll
Event: 0.164 Loaded shared library C:\Program Files\Java\jdk-21\bin\zip.dll
Event: 0.698 Loaded shared library C:\Program Files\Java\jdk-21\bin\jimage.dll
Event: 1.041 Loaded shared library C:\Program Files\Java\jdk-21\bin\verify.dll
Event: 1.147 Loaded shared library C:\Users\Juan\.gradle\native\1def1411415f61bf3af743bc5b6707747c0891f09f0c88961ee8f79bc544acac\windows-amd64\native-platform.dll
Event: 1.169 Loaded shared library C:\Users\Juan\.gradle\native\0.2.7\x86_64-windows-gnu\gradle-fileevents.dll
Event: 2.485 Loaded shared library C:\Program Files\Java\jdk-21\bin\management.dll
Event: 2.489 Loaded shared library C:\Program Files\Java\jdk-21\bin\management_ext.dll
Event: 2.613 Loaded shared library C:\Program Files\Java\jdk-21\bin\extnet.dll
Event: 2.785 Loaded shared library C:\Program Files\Java\jdk-21\bin\sunmscapi.dll

Deoptimization events (20 events):
Event: 82.920 Thread 0x000001fc706d1860 Uncommon trap: trap_request=0xffffff45 fr.pc=0x000001fc5b070fa0 relative=0x0000000000000920
Event: 82.920 Thread 0x000001fc706d1860 Uncommon trap: reason=unstable_if action=reinterpret pc=0x000001fc5b070fa0 method=java.util.concurrent.ConcurrentHashMap.replaceNode(Ljava/lang/Object;Ljava/lang/Object;Ljava/lang/Object;)Ljava/lang/Object; @ 246 c2
Event: 82.920 Thread 0x000001fc706d1860 DEOPT PACKING pc=0x000001fc5b070fa0 sp=0x00000065671fe700
Event: 82.920 Thread 0x000001fc706d1860 DEOPT UNPACKING pc=0x000001fc5a7b7da2 sp=0x00000065671fe680 mode 2
Event: 82.998 Thread 0x000001fc706d7ad0 Uncommon trap: trap_request=0xffffff45 fr.pc=0x000001fc5b396398 relative=0x0000000000000ab8
Event: 82.998 Thread 0x000001fc706d7ad0 Uncommon trap: reason=unstable_if action=reinterpret pc=0x000001fc5b396398 method=com.sun.org.apache.xerces.internal.dom.ParentNode.internalInsertBefore(Lorg/w3c/dom/Node;Lorg/w3c/dom/Node;Z)Lorg/w3c/dom/Node; @ 562 c2
Event: 82.998 Thread 0x000001fc706d7ad0 DEOPT PACKING pc=0x000001fc5b396398 sp=0x00000065673fa970
Event: 82.998 Thread 0x000001fc706d7ad0 DEOPT UNPACKING pc=0x000001fc5a7b7da2 sp=0x00000065673fa918 mode 2
Event: 83.005 Thread 0x000001fc706d7ad0 Uncommon trap: trap_request=0xffffffde fr.pc=0x000001fc5b3a352c relative=0x000000000000200c
Event: 83.005 Thread 0x000001fc706d7ad0 Uncommon trap: reason=class_check action=maybe_recompile pc=0x000001fc5b3a352c method=com.sun.org.apache.xerces.internal.dom.CoreDocumentImpl.adoptNode(Lorg/w3c/dom/Node;)Lorg/w3c/dom/Node; @ 1 c2
Event: 83.005 Thread 0x000001fc706d7ad0 DEOPT PACKING pc=0x000001fc5b3a352c sp=0x00000065673fa970
Event: 83.005 Thread 0x000001fc706d7ad0 DEOPT UNPACKING pc=0x000001fc5a7b7da2 sp=0x00000065673fa958 mode 2
Event: 83.005 Thread 0x000001fc706d7ad0 Uncommon trap: trap_request=0xffffffde fr.pc=0x000001fc5b3a352c relative=0x000000000000200c
Event: 83.005 Thread 0x000001fc706d7ad0 Uncommon trap: reason=class_check action=maybe_recompile pc=0x000001fc5b3a352c method=com.sun.org.apache.xerces.internal.dom.CoreDocumentImpl.adoptNode(Lorg/w3c/dom/Node;)Lorg/w3c/dom/Node; @ 1 c2
Event: 83.005 Thread 0x000001fc706d7ad0 DEOPT PACKING pc=0x000001fc5b3a352c sp=0x00000065673fa970
Event: 83.005 Thread 0x000001fc706d7ad0 DEOPT UNPACKING pc=0x000001fc5a7b7da2 sp=0x00000065673fa958 mode 2
Event: 83.024 Thread 0x000001fc706d7ad0 Uncommon trap: trap_request=0xffffff45 fr.pc=0x000001fc5b0df4b8 relative=0x0000000000001018
Event: 83.024 Thread 0x000001fc706d7ad0 Uncommon trap: reason=unstable_if action=reinterpret pc=0x000001fc5b0df4b8 method=java.util.concurrent.ConcurrentHashMap.putVal(Ljava/lang/Object;Ljava/lang/Object;Z)Ljava/lang/Object; @ 245 c2
Event: 83.024 Thread 0x000001fc706d7ad0 DEOPT PACKING pc=0x000001fc5b0df4b8 sp=0x00000065673fa910
Event: 83.024 Thread 0x000001fc706d7ad0 DEOPT UNPACKING pc=0x000001fc5a7b7da2 sp=0x00000065673fa8b8 mode 2

Classes loaded (20 events):
Event: 82.803 Loading class com/sun/org/apache/xerces/internal/dom/DeferredTextImpl
Event: 82.804 Loading class com/sun/org/apache/xerces/internal/dom/DeferredTextImpl done
Event: 82.827 Loading class com/sun/org/apache/xerces/internal/dom/DeferredCommentImpl
Event: 82.827 Loading class com/sun/org/apache/xerces/internal/dom/DeferredCommentImpl done
Event: 82.915 Loading class sun/nio/ch/ChannelOutputStream
Event: 82.916 Loading class sun/nio/ch/ChannelOutputStream done
Event: 83.028 Loading class java/util/TreeMap$DescendingSubMap
Event: 83.028 Loading class java/util/TreeMap$NavigableSubMap
Event: 83.029 Loading class java/util/TreeMap$NavigableSubMap done
Event: 83.029 Loading class java/util/TreeMap$DescendingSubMap done
Event: 83.029 Loading class java/util/TreeMap$DescendingSubMap$DescendingEntrySetView
Event: 83.029 Loading class java/util/TreeMap$NavigableSubMap$EntrySetView
Event: 83.029 Loading class java/util/TreeMap$NavigableSubMap$EntrySetView done
Event: 83.029 Loading class java/util/TreeMap$DescendingSubMap$DescendingEntrySetView done
Event: 83.029 Loading class java/util/TreeMap$NavigableSubMap$DescendingSubMapEntryIterator
Event: 83.029 Loading class java/util/TreeMap$NavigableSubMap$SubMapIterator
Event: 83.030 Loading class java/util/TreeMap$NavigableSubMap$SubMapIterator done
Event: 83.030 Loading class java/util/TreeMap$NavigableSubMap$DescendingSubMapEntryIterator done
Event: 83.041 Loading class com/sun/org/apache/xerces/internal/dom/DeepNodeListImpl
Event: 83.041 Loading class com/sun/org/apache/xerces/internal/dom/DeepNodeListImpl done

Classes unloaded (0 events):
No events

Classes redefined (0 events):
No events

Internal exceptions (20 events):
Event: 82.640 Thread 0x000001fc706d1860 Exception <a 'sun/nio/fs/WindowsException'{0x000000008e4e1ba0}> (0x000000008e4e1ba0) 
thrown [s\open\src\hotspot\share\prims\jni.cpp, line 520]
Event: 82.641 Thread 0x000001fc706d1860 Exception <a 'sun/nio/fs/WindowsException'{0x000000008e4e1cf0}> (0x000000008e4e1cf0) 
thrown [s\open\src\hotspot\share\prims\jni.cpp, line 520]
Event: 82.653 Thread 0x000001fc72ad9f70 Exception <a 'sun/nio/fs/WindowsException'{0x000000008e2e4d80}> (0x000000008e2e4d80) 
thrown [s\open\src\hotspot\share\prims\jni.cpp, line 520]
Event: 82.672 Thread 0x000001fc706d7ad0 Exception <a 'sun/nio/fs/WindowsException'{0x000000008df18340}> (0x000000008df18340) 
thrown [s\open\src\hotspot\share\prims\jni.cpp, line 520]
Event: 82.676 Thread 0x000001fc706d7ad0 Exception <a 'sun/nio/fs/WindowsException'{0x000000008dfa60d0}> (0x000000008dfa60d0) 
thrown [s\open\src\hotspot\share\prims\jni.cpp, line 520]
Event: 82.676 Thread 0x000001fc706d7ad0 Exception <a 'sun/nio/fs/WindowsException'{0x000000008dfa71c8}> (0x000000008dfa71c8) 
thrown [s\open\src\hotspot\share\prims\jni.cpp, line 520]
Event: 82.677 Thread 0x000001fc706d7ad0 Exception <a 'sun/nio/fs/WindowsException'{0x000000008dfa7310}> (0x000000008dfa7310) 
thrown [s\open\src\hotspot\share\prims\jni.cpp, line 520]
Event: 82.683 Thread 0x000001fc706d7ad0 Exception <a 'sun/nio/fs/WindowsException'{0x000000008de4e7b8}> (0x000000008de4e7b8) 
thrown [s\open\src\hotspot\share\prims\jni.cpp, line 520]
Event: 82.683 Thread 0x000001fc706d7ad0 Exception <a 'sun/nio/fs/WindowsException'{0x000000008de505b8}> (0x000000008de505b8) 
thrown [s\open\src\hotspot\share\prims\jni.cpp, line 520]
Event: 82.683 Thread 0x000001fc706d7ad0 Exception <a 'sun/nio/fs/WindowsException'{0x000000008de52010}> (0x000000008de52010) 
thrown [s\open\src\hotspot\share\prims\jni.cpp, line 520]
Event: 82.812 Thread 0x000001fc706d7ad0 Exception <a 'sun/nio/fs/WindowsException'{0x000000008c8de4a8}> (0x000000008c8de4a8) 
thrown [s\open\src\hotspot\share\prims\jni.cpp, line 520]
Event: 82.813 Thread 0x000001fc706d7ad0 Exception <a 'sun/nio/fs/WindowsException'{0x000000008c8df398}> (0x000000008c8df398) 
thrown [s\open\src\hotspot\share\prims\jni.cpp, line 520]
Event: 82.813 Thread 0x000001fc706d7ad0 Exception <a 'sun/nio/fs/WindowsException'{0x000000008c8df528}> (0x000000008c8df528) 
thrown [s\open\src\hotspot\share\prims\jni.cpp, line 520]
Event: 82.813 Thread 0x000001fc706d7ad0 Exception <a 'sun/nio/fs/WindowsException'{0x000000008c8e28a0}> (0x000000008c8e28a0) 
thrown [s\open\src\hotspot\share\prims\jni.cpp, line 520]
Event: 82.813 Thread 0x000001fc706d7ad0 Exception <a 'sun/nio/fs/WindowsException'{0x000000008c8e3758}> (0x000000008c8e3758) 
thrown [s\open\src\hotspot\share\prims\jni.cpp, line 520]
Event: 82.813 Thread 0x000001fc706d7ad0 Exception <a 'sun/nio/fs/WindowsException'{0x000000008c8e38b0}> (0x000000008c8e38b0) 
thrown [s\open\src\hotspot\share\prims\jni.cpp, line 520]
Event: 82.813 Thread 0x000001fc706d7ad0 Exception <a 'sun/nio/fs/WindowsException'{0x000000008c8e6b20}> (0x000000008c8e6b20) 
thrown [s\open\src\hotspot\share\prims\jni.cpp, line 520]
Event: 82.813 Thread 0x000001fc706d7ad0 Exception <a 'sun/nio/fs/WindowsException'{0x000000008c8e7990}> (0x000000008c8e7990) 
thrown [s\open\src\hotspot\share\prims\jni.cpp, line 520]
Event: 82.813 Thread 0x000001fc706d7ad0 Exception <a 'sun/nio/fs/WindowsException'{0x000000008c8e7aa0}> (0x000000008c8e7aa0) 
thrown [s\open\src\hotspot\share\prims\jni.cpp, line 520]
Event: 83.077 Thread 0x000001fc706d7ad0 Exception <a 'sun/nio/fs/WindowsException'{0x000000008b512178}> (0x000000008b512178) 
thrown [s\open\src\hotspot\share\prims\jni.cpp, line 520]

ZGC Phase Switch (0 events):
No events

VM Operations (20 events):
Event: 82.761 Executing VM operation: HandshakeAllThreads (Deoptimize) done
Event: 82.772 Executing VM operation: HandshakeAllThreads (Deoptimize)
Event: 82.789 Executing VM operation: HandshakeAllThreads (Deoptimize) done
Event: 82.792 Executing VM operation: HandshakeAllThreads (Deoptimize)
Event: 82.792 Executing VM operation: HandshakeAllThreads (Deoptimize) done
Event: 82.798 Executing VM operation: HandshakeAllThreads (Deoptimize)
Event: 82.799 Executing VM operation: HandshakeAllThreads (Deoptimize) done
Event: 82.802 Executing VM operation: HandshakeAllThreads (Deoptimize)
Event: 82.803 Executing VM operation: HandshakeAllThreads (Deoptimize) done
Event: 82.806 Executing VM operation: HandshakeAllThreads (Deoptimize)
Event: 82.807 Executing VM operation: HandshakeAllThreads (Deoptimize) done
Event: 82.808 Executing VM operation: HandshakeAllThreads (Deoptimize)
Event: 82.809 Executing VM operation: HandshakeAllThreads (Deoptimize) done
Event: 82.820 Executing VM operation: HandshakeAllThreads (Deoptimize)
Event: 82.821 Executing VM operation: HandshakeAllThreads (Deoptimize) done
Event: 82.874 Executing VM operation: ICBufferFull
Event: 82.875 Executing VM operation: ICBufferFull done
Event: 83.020 Executing VM operation: HandshakeAllThreads (Deoptimize)
Event: 83.020 Executing VM operation: HandshakeAllThreads (Deoptimize) done
Event: 83.233 Executing VM operation: G1CollectForAllocation (G1 Evacuation Pause)

Events (20 events):
Event: 82.726 Thread 0x000001fc72adee30 Thread added: 0x000001fc72adee30
Event: 82.727 Thread 0x000001fc72adf4c0 Thread added: 0x000001fc72adf4c0
Event: 82.727 Thread 0x000001fc72adc040 Thread added: 0x000001fc72adc040
Event: 82.728 Thread 0x000001fc72adfb50 Thread added: 0x000001fc72adfb50
Event: 82.729 Thread 0x000001fc73724ea0 Thread added: 0x000001fc73724ea0
Event: 82.729 Thread 0x000001fc7372c4c0 Thread added: 0x000001fc7372c4c0
Event: 82.729 Thread 0x000001fc7372be30 Thread added: 0x000001fc7372be30
Event: 82.730 Thread 0x000001fc7372aa80 Thread added: 0x000001fc7372aa80
Event: 82.767 Thread 0x000001fc706d5370 Thread added: 0x000001fc706d5370
Event: 82.768 Thread 0x000001fc73c63e60 Thread added: 0x000001fc73c63e60
Event: 82.768 Thread 0x000001fc73c62420 Thread added: 0x000001fc73c62420
Event: 82.769 Thread 0x000001fc73c61d90 Thread added: 0x000001fc73c61d90
Event: 82.769 Thread 0x000001fc73c65210 Thread added: 0x000001fc73c65210
Event: 82.769 Thread 0x000001fc73c637d0 Thread added: 0x000001fc73c637d0
Event: 82.770 Thread 0x000001fc73c62ab0 Thread added: 0x000001fc73c62ab0
Event: 82.770 Thread 0x000001fc73c658a0 Thread added: 0x000001fc73c658a0
Event: 82.771 Thread 0x000001fc73c665c0 Thread added: 0x000001fc73c665c0
Event: 82.772 Thread 0x000001fc73c65f30 Thread added: 0x000001fc73c65f30
Event: 82.772 Thread 0x000001fc73c644f0 Thread added: 0x000001fc73c644f0
Event: 83.221 Thread 0x000001fc712fddf0 Thread exited: 0x000001fc712fddf0


Dynamic libraries:
0x00007ff6f4cc0000 - 0x00007ff6f4cd0000 	C:\Program Files\Java\jdk-21\bin\java.exe
0x00007ffdae3c0000 - 0x00007ffdae627000 	C:\WINDOWS\SYSTEM32\ntdll.dll
0x00007ffdacb50000 - 0x00007ffdacc19000 	C:\WINDOWS\System32\KERNEL32.DLL
0x00007ffdaba30000 - 0x00007ffdabe24000 	C:\WINDOWS\System32\KERNELBASE.dll
0x00007ffdab6e0000 - 0x00007ffdab82b000 	C:\WINDOWS\System32\ucrtbase.dll
0x00007ffd870c0000 - 0x00007ffd870d9000 	C:\Program Files\Java\jdk-21\bin\jli.dll
0x00007ffd87d40000 - 0x00007ffd87d5b000 	C:\Program Files\Java\jdk-21\bin\VCRUNTIME140.dll
0x00007ffdad0e0000 - 0x00007ffdad196000 	C:\WINDOWS\System32\ADVAPI32.dll
0x00007ffdad370000 - 0x00007ffdad419000 	C:\WINDOWS\System32\msvcrt.dll
0x00007ffdae020000 - 0x00007ffdae0c7000 	C:\WINDOWS\System32\sechost.dll
0x00007ffdac490000 - 0x00007ffdac5a8000 	C:\WINDOWS\System32\RPCRT4.dll
0x00007ffdad1a0000 - 0x00007ffdad365000 	C:\WINDOWS\System32\USER32.dll
0x00007ffdac120000 - 0x00007ffdac147000 	C:\WINDOWS\System32\win32u.dll
0x00007ffd8de80000 - 0x00007ffd8e113000 	C:\WINDOWS\WinSxS\amd64_microsoft.windows.common-controls_6595b64144ccf1df_6.0.26100.8115_none_3e075c82e3354f9c\COMCTL32.dll
0x00007ffdae2e0000 - 0x00007ffdae30b000 	C:\WINDOWS\System32\GDI32.dll
0x00007ffdab5b0000 - 0x00007ffdab6db000 	C:\WINDOWS\System32\gdi32full.dll
0x00007ffdab980000 - 0x00007ffdaba23000 	C:\WINDOWS\System32\msvcp_win.dll
0x00007ffda1b20000 - 0x00007ffda1b2b000 	C:\WINDOWS\SYSTEM32\VERSION.dll
0x00007ffdacfb0000 - 0x00007ffdacfe2000 	C:\WINDOWS\System32\IMM32.DLL
0x00007ffd80040000 - 0x00007ffd8004c000 	C:\Program Files\Java\jdk-21\bin\vcruntime140_1.dll
0x00007ffcf7220000 - 0x00007ffcf72ae000 	C:\Program Files\Java\jdk-21\bin\msvcp140.dll
0x00007ffcdac90000 - 0x00007ffcdb9aa000 	C:\Program Files\Java\jdk-21\bin\server\jvm.dll
0x00007ffdaca40000 - 0x00007ffdacac0000 	C:\WINDOWS\System32\WS2_32.dll
0x00007ffdaaaf0000 - 0x00007ffdaab4e000 	C:\WINDOWS\SYSTEM32\POWRPROF.dll
0x00007ffd96c30000 - 0x00007ffd96c66000 	C:\WINDOWS\SYSTEM32\WINMM.dll
0x00007ffdaaad0000 - 0x00007ffdaaae4000 	C:\WINDOWS\SYSTEM32\UMPDC.dll
0x00007ffda9a20000 - 0x00007ffda9a3b000 	C:\WINDOWS\SYSTEM32\kernel.appcore.dll
0x00007ffd7ffd0000 - 0x00007ffd7ffda000 	C:\Program Files\Java\jdk-21\bin\jimage.dll
0x00007ffda0ce0000 - 0x00007ffda0f22000 	C:\WINDOWS\SYSTEM32\DBGHELP.DLL
0x00007ffdacc20000 - 0x00007ffdacfa2000 	C:\WINDOWS\System32\combase.dll
0x00007ffdad000000 - 0x00007ffdad0d8000 	C:\WINDOWS\System32\OLEAUT32.dll
0x00007ffd7d4e0000 - 0x00007ffd7d51b000 	C:\WINDOWS\SYSTEM32\dbgcore.DLL
0x00007ffdaac90000 - 0x00007ffdaad35000 	C:\WINDOWS\System32\bcryptPrimitives.dll
0x00007ffd7ba50000 - 0x00007ffd7ba5f000 	C:\Program Files\Java\jdk-21\bin\instrument.dll
0x00007ffd75f70000 - 0x00007ffd75f8f000 	C:\Program Files\Java\jdk-21\bin\java.dll
0x00007ffdad8b0000 - 0x00007ffdae017000 	C:\WINDOWS\System32\SHELL32.dll
0x00007ffdabfb0000 - 0x00007ffdac11a000 	C:\WINDOWS\System32\wintypes.dll
0x00007ffdaad40000 - 0x00007ffdab5a8000 	C:\WINDOWS\System32\windows.storage.dll
0x00007ffdac2b0000 - 0x00007ffdac3a8000 	C:\WINDOWS\System32\SHCORE.dll
0x00007ffdae310000 - 0x00007ffdae376000 	C:\WINDOWS\System32\shlwapi.dll
0x00007ffdaabb0000 - 0x00007ffdaabd9000 	C:\WINDOWS\SYSTEM32\profapi.dll
0x00007ffcf5650000 - 0x00007ffcf5727000 	C:\Program Files\Java\jdk-21\bin\jsvml.dll
0x00007ffd65680000 - 0x00007ffd65698000 	C:\Program Files\Java\jdk-21\bin\zip.dll
0x00007ffd7fad0000 - 0x00007ffd7fae0000 	C:\Program Files\Java\jdk-21\bin\net.dll
0x00007ffda3eb0000 - 0x00007ffda3fdd000 	C:\WINDOWS\SYSTEM32\WINHTTP.dll
0x00007ffda9f90000 - 0x00007ffda9ffc000 	C:\WINDOWS\system32\mswsock.dll
0x00007ffd75c60000 - 0x00007ffd75c76000 	C:\Program Files\Java\jdk-21\bin\nio.dll
0x00007ffd7f970000 - 0x00007ffd7f980000 	C:\Program Files\Java\jdk-21\bin\verify.dll
0x00007ffd63850000 - 0x00007ffd63877000 	C:\Users\Juan\.gradle\native\1def1411415f61bf3af743bc5b6707747c0891f09f0c88961ee8f79bc544acac\windows-amd64\native-platform.dll
0x00007ffcf6350000 - 0x00007ffcf63c8000 	C:\Users\Juan\.gradle\native\0.2.7\x86_64-windows-gnu\gradle-fileevents.dll
0x00007ffd7f070000 - 0x00007ffd7f07a000 	C:\Program Files\Java\jdk-21\bin\management.dll
0x00007ffd7eea0000 - 0x00007ffd7eeab000 	C:\Program Files\Java\jdk-21\bin\management_ext.dll
0x00007ffdac7e0000 - 0x00007ffdac7e8000 	C:\WINDOWS\System32\PSAPI.DLL
0x00007ffda94b0000 - 0x00007ffda94e2000 	C:\WINDOWS\SYSTEM32\IPHLPAPI.DLL
0x00007ffdacff0000 - 0x00007ffdacffa000 	C:\WINDOWS\System32\NSI.dll
0x00007ffd7bab0000 - 0x00007ffd7bab9000 	C:\Program Files\Java\jdk-21\bin\extnet.dll
0x00007ffdaa280000 - 0x00007ffdaa29b000 	C:\WINDOWS\SYSTEM32\CRYPTSP.dll
0x00007ffda9980000 - 0x00007ffda99b9000 	C:\WINDOWS\system32\rsaenh.dll
0x00007ffdaa040000 - 0x00007ffdaa073000 	C:\WINDOWS\SYSTEM32\USERENV.dll
0x00007ffdaab80000 - 0x00007ffdaabaa000 	C:\WINDOWS\SYSTEM32\bcrypt.dll
0x00007ffdaa270000 - 0x00007ffdaa27c000 	C:\WINDOWS\SYSTEM32\CRYPTBASE.dll
0x00007ffd7b7b0000 - 0x00007ffd7b7be000 	C:\Program Files\Java\jdk-21\bin\sunmscapi.dll
0x00007ffdabe30000 - 0x00007ffdabfa7000 	C:\WINDOWS\System32\CRYPT32.dll
0x00007ffdaa490000 - 0x00007ffdaa4c0000 	C:\WINDOWS\SYSTEM32\ncrypt.dll
0x00007ffdaa440000 - 0x00007ffdaa47f000 	C:\WINDOWS\SYSTEM32\NTASN1.dll
0x00007ffd7c620000 - 0x00007ffd7c628000 	C:\WINDOWS\system32\wshunix.dll
0x00007ffda9b40000 - 0x00007ffda9b76000 	C:\WINDOWS\SYSTEM32\ntmarta.dll

dbghelp: loaded successfully - version: 4.0.5 - missing functions: none
symbol engine: initialized successfully - sym options: 0x614 - pdb path: .;C:\Program Files\Java\jdk-21\bin;C:\WINDOWS\SYSTEM32;C:\WINDOWS\WinSxS\amd64_microsoft.windows.common-controls_6595b64144ccf1df_6.0.26100.8115_none_3e075c82e3354f9c;C:\Program Files\Java\jdk-21\bin\server;C:\Users\Juan\.gradle\native\1def1411415f61bf3af743bc5b6707747c0891f09f0c88961ee8f79bc544acac\windows-amd64;C:\Users\Juan\.gradle\native\0.2.7\x86_64-windows-gnu

VM Arguments:
jvm_args: --add-opens=java.base/java.lang=ALL-UNNAMED --add-opens=java.base/java.lang.invoke=ALL-UNNAMED --add-opens=java.base/java.util=ALL-UNNAMED --add-opens=java.prefs/java.util.prefs=ALL-UNNAMED --add-exports=jdk.compiler/com.sun.tools.javac.api=ALL-UNNAMED --add-exports=jdk.compiler/com.sun.tools.javac.util=ALL-UNNAMED --add-opens=java.base/java.util=ALL-UNNAMED --add-opens=java.prefs/java.util.prefs=ALL-UNNAMED --add-opens=java.base/java.nio.charset=ALL-UNNAMED --add-opens=java.base/java.net=ALL-UNNAMED --add-opens=java.base/java.util.concurrent.atomic=ALL-UNNAMED --add-opens=java.xml/javax.xml.namespace=ALL-UNNAMED -Xmx2048m -Dfile.encoding=UTF-8 -Duser.country=MX -Duser.language=es -Duser.variant -javaagent:C:\Users\Juan\.gradle\wrapper\dists\gradle-8.13-bin\5xuhj0ry160q40clulazy9h7d\gradle-8.13\lib\agents\gradle-instrumentation-agent-8.13.jar 
java_command: org.gradle.launcher.daemon.bootstrap.GradleDaemon 8.13
java_class_path (initial): C:\Users\Juan\.gradle\wrapper\dists\gradle-8.13-bin\5xuhj0ry160q40clulazy9h7d\gradle-8.13\lib\gradle-daemon-main-8.13.jar
Launcher Type: SUN_STANDARD

[Global flags]
     intx CICompilerCount                          = 4                                         {product} {ergonomic}
     uint ConcGCThreads                            = 3                                         {product} {ergonomic}
     uint G1ConcRefinementThreads                  = 10                                        {product} {ergonomic}
   size_t G1HeapRegionSize                         = 1048576                                   {product} {ergonomic}
    uintx GCDrainStackTargetSize                   = 64                                        {product} {ergonomic}
   size_t InitialHeapSize                          = 123731968                                 {product} {ergonomic}
   size_t MarkStackSize                            = 4194304                                   {product} {ergonomic}
   size_t MaxHeapSize                              = 2147483648                                {product} {command line}
   size_t MaxNewSize                               = 1287651328                                {product} {ergonomic}
   size_t MinHeapDeltaBytes                        = 1048576                                   {product} {ergonomic}
   size_t MinHeapSize                              = 8388608                                   {product} {ergonomic}
    uintx NonNMethodCodeHeapSize                   = 5839372                                {pd product} {ergonomic}
    uintx NonProfiledCodeHeapSize                  = 122909434                              {pd product} {ergonomic}
    uintx ProfiledCodeHeapSize                     = 122909434                              {pd product} {ergonomic}
    uintx ReservedCodeCacheSize                    = 251658240                              {pd product} {ergonomic}
     bool SegmentedCodeCache                       = true                                      {product} {ergonomic}
   size_t SoftMaxHeapSize                          = 2147483648                             {manageable} {ergonomic}
     bool UseCompressedOops                        = true                           {product lp64_product} {ergonomic}
     bool UseG1GC                                  = true                                      {product} {ergonomic}
     bool UseLargePagesIndividualAllocation        = false                                  {pd product} {ergonomic}

Logging:
Log output configuration:
 #0: stdout all=warning uptime,level,tags foldmultilines=false
 #1: stderr all=off uptime,level,tags foldmultilines=false

Environment Variables:
PATH=C:\Python314\Scripts\;C:\Python314\;C:\Program Files\Common Files\Oracle\Java\javapath;C:\Program Files (x86)\Common Files\Oracle\Java\java8path;C:\Program Files (x86)\Common Files\Oracle\Java\javapath;C:\windows\system32;C:\windows;C:\windows\System32\Wbem;C:\windows\System32\WindowsPowerShell\v1.0\;C:\windows\System32\OpenSSH\;C:\Program Files (x86)\NVIDIA Corporation\PhysX\Common;C:\Program Files\NVIDIA Corporation\NVIDIA NvDLISR;C:\Users\Administrator\AppData\Local\Microsoft\WindowsApps;C:\Program Files\HP\OMEN-Broadcast\Common;C:\WINDOWS\system32;C:\WINDOWS;C:\WINDOWS\System32\Wbem;C:\WINDOWS\System32\WindowsPowerShell\v1.0\;C:\WINDOWS\System32\OpenSSH\;C:\Program Files (x86)\Java\jre1.8.0_441\legal\jdk;C:\ProgramData\chocolatey\bin;C:\Program Files\nodejs\;C:\Program Files\MySQL\MySQL Shell 8.0\bin\;C:\Users\Juan\AppData\Local\Programs\Python\Python313\Scripts\;C:\Users\Juan\AppData\Local\Programs\Python\Python313\;C:\Users\Juan\AppData\Local\Programs\Python\Launcher\;C:\Users\Juan\AppData\Local\Microsoft\WindowsApps;C:\Users\Juan\AppData\Local\Programs\Microsoft VS Code\bin;C:\flutter\bin;C:\Users\Juan\AppData\Roaming\npm
USERNAME=Juan
OS=Windows_NT
PROCESSOR_IDENTIFIER=AMD64 Family 25 Model 117 Stepping 2, AuthenticAMD
TMP=C:\Users\Juan\AppData\Local\Temp
TEMP=C:\Users\Juan\AppData\Local\Temp




Periodic native trim disabled

---------------  S Y S T E M  ---------------

OS:
 Windows 11 , 64 bit Build 26100 (10.0.26100.8246)
OS uptime: 0 days 17:11 hours
Hyper-V role detected

CPU: total 12 (initial active 12) (12 cores per cpu, 2 threads per core) family 25 model 117 stepping 2 microcode 0xa70520a, cx8, cmov, fxsr, ht, mmx, 3dnowpref, sse, sse2, sse3, ssse3, sse4a, sse4.1, sse4.2, popcnt, lzcnt, tsc, tscinvbit, avx, avx2, aes, erms, clmul, bmi1, bmi2, adx, avx512f, avx512dq, avx512cd, avx512bw, avx512vl, sha, fma, vzeroupper, avx512_vpopcntdq, avx512_vpclmulqdq, avx512_vaes, avx512_vnni, clflush, clflushopt, avx512_vbmi2, avx512_vbmi, hv, rdtscp, rdpid, fsrm, gfni, avx512_bitalg, f16c, cet_ss, avx512_ifma
Processor Information for processor 0
  Max Mhz: 4301, Current Mhz: 2483, Mhz Limit: 4301
Processor Information for processor 1
  Max Mhz: 4301, Current Mhz: 2483, Mhz Limit: 4301
Processor Information for processor 2
  Max Mhz: 4301, Current Mhz: 2483, Mhz Limit: 4301
Processor Information for processor 3
  Max Mhz: 4301, Current Mhz: 2483, Mhz Limit: 4301
Processor Information for processor 4
  Max Mhz: 4301, Current Mhz: 3993, Mhz Limit: 4301
Processor Information for processor 5
  Max Mhz: 4301, Current Mhz: 2483, Mhz Limit: 4301
Processor Information for processor 6
  Max Mhz: 4301, Current Mhz: 2483, Mhz Limit: 4301
Processor Information for processor 7
  Max Mhz: 4301, Current Mhz: 2483, Mhz Limit: 4301
Processor Information for processor 8
  Max Mhz: 4301, Current Mhz: 2483, Mhz Limit: 4301
Processor Information for processor 9
  Max Mhz: 4301, Current Mhz: 2483, Mhz Limit: 4301
Processor Information for processor 10
  Max Mhz: 4301, Current Mhz: 2483, Mhz Limit: 4301
Processor Information for processor 11
  Max Mhz: 4301, Current Mhz: 2483, Mhz Limit: 4301

Memory: 4k page, system-wide physical 7439M (408M free)
TotalPageFile size 29967M (AvailPageFile size 2M)
current process WorkingSet (physical memory assigned to process): 524M, peak: 524M
current process commit charge ("private bytes"): 636M, peak: 690M

vm_info: Java HotSpot(TM) 64-Bit Server VM (21.0.6+8-LTS-188) for windows-amd64 JRE (21.0.6+8-LTS-188), built on 2024-12-03T10:50:54Z by "mach5one" with MS VC++ 17.6 (VS2022)

END.
